solar_reward,grid_battery_reward,solar_battery_reward,soc,soc_grid,soc_solar,curr_lmp,net_load,a,total_rwd
0.00,0.00,0.00,0.00,0.00,0.00,45.14,0.00,0,0.00e+00
0.00,0.00,0.00,0.00,0.00,0.00,44.15,0.00,0,0.00e+00
0.00,0.00,0.00,0.00,0.00,0.00,33.45,0.00,0,0.00e+00
0.00,0.00,0.00,0.00,0.00,0.00,45.23,0.00,1,0.00e+00
0.00,0.00,0.00,0.00,0.00,0.00,45.25,0.00,0,0.00e+00
0.00,0.00,0.00,0.00,0.00,0.00,44.99,0.00,0,0.00e+00
0.00,0.00,0.00,0.00,0.00,0.00,34.29,0.00,0,0.00e+00
0.00,0.00,0.00,0.00,0.00,0.00,44.44,0.00,1,0.00e+00
0.00,0.00,0.00,0.00,0.00,0.00,41.59,0.00,0,0.00e+00
0.00,0.00,0.00,0.00,0.00,0.00,43.93,0.00,0,0.00e+00
0.00,0.00,0.00,0.00,0.00,0.00,38.38,0.00,0,0.00e+00
0.00,0.00,0.00,0.00,0.00,0.00,40.06,0.00,0,0.00e+00
0.00,0.00,0.00,0.00,0.00,0.00,46.71,0.00,0,0.00e+00
0.00,0.00,0.00,0.00,0.00,0.00,50.51,0.00,0,0.00e+00
0.00,0.00,0.00,0.00,0.00,0.00,51.97,0.00,0,0.00e+00
0.00,0.00,0.00,0.00,0.00,0.00,45.92,0.00,0,0.00e+00
0.00,0.00,0.00,0.00,0.00,0.00,61.02,0.00,0,0.00e+00
0.00,0.00,0.00,0.00,0.00,0.00,70.74,0.00,0,0.00e+00
0.00,0.00,0.00,0.00,0.00,0.00,70.65,0.00,0,0.00e+00
0.00,0.00,0.00,0.00,0.00,0.00,74.36,0.00,0,0.00e+00
0.29,0.00,0.00,0.00,0.00,0.00,76.27,0.01,0,2.90e-01
0.30,0.00,0.00,0.00,0.00,0.00,85.83,0.01,0,5.88e-01
0.33,0.00,0.00,0.00,0.00,0.00,77.71,0.01,0,9.23e-01
0.30,0.00,0.00,0.00,0.00,0.00,83.68,0.01,0,1.23e+00
122.74,0.00,0.00,0.00,0.00,0.00,76.87,2.93,0,1.24e+02
112.75,0.00,0.00,0.00,0.00,0.00,55.29,2.93,0,2.37e+02
81.10,0.00,0.00,0.00,0.00,0.00,31.71,2.93,0,3.18e+02
46.51,0.00,0.00,0.00,0.00,0.00,44.76,2.93,1,3.64e+02
174.27,0.00,0.00,0.00,0.00,0.00,19.69,7.79,1,5.39e+02
0.00,-415.59,0.00,23.25,19.63,3.62,9.76,-21.11,2,1.23e+02
0.00,-206.00,0.00,46.50,39.26,7.24,-0.01,-21.11,2,-8.30e+01
-0.00,0.21,0.00,69.75,58.89,10.86,0.48,-21.11,2,-8.28e+01
0.00,-9.99,0.00,93.00,78.25,14.75,-0.27,-20.82,2,-9.28e+01
-0.00,5.62,0.00,116.25,97.62,18.63,-2.49,-20.82,2,-8.72e+01
-0.00,51.85,0.00,139.50,116.98,22.52,-10.99,-20.82,2,-3.53e+01
-0.00,228.83,0.00,162.75,136.34,26.41,-7.47,-20.82,2,1.94e+02
-0.00,160.47,0.00,186.00,156.32,29.68,-10.84,-21.48,2,3.54e+02
-0.00,232.87,0.00,209.25,176.30,32.95,-15.30,-21.48,2,5.87e+02
-0.00,328.68,0.00,232.50,196.28,36.22,-16.66,-21.48,2,9.16e+02
-0.00,357.90,0.00,255.75,216.26,39.49,-16.36,-21.48,2,1.27e+03
-0.00,355.68,0.00,279.00,236.48,42.52,-17.89,-21.74,2,1.63e+03
-0.00,388.94,0.00,302.25,256.69,45.56,-19.25,-21.74,2,2.02e+03
-0.00,418.51,0.00,325.50,276.91,48.59,-19.58,-21.74,2,2.44e+03
-0.00,425.68,0.00,348.75,297.13,51.62,-19.66,-21.74,2,2.86e+03
-0.00,430.02,0.00,372.00,317.47,54.53,-19.65,-21.87,2,3.29e+03
-0.00,429.80,0.00,394.86,337.43,57.43,-23.55,-21.87,2,3.72e+03
-0.00,57.03,0.00,399.61,339.27,60.34,-30.82,-2.42,2,3.78e+03
-71.58,0.00,0.00,399.94,338.85,61.09,-30.75,2.32,2,3.71e+03
-72.40,0.00,0.00,399.97,338.85,61.11,-31.39,2.35,2,3.64e+03
-74.63,0.00,0.00,399.97,338.85,61.12,-33.09,2.38,2,3.56e+03
-78.73,0.00,0.00,399.97,338.85,61.12,-40.51,2.38,2,3.48e+03
-96.39,0.00,0.00,399.97,338.85,61.12,-30.79,2.38,2,3.39e+03
-70.07,0.00,0.00,399.97,338.85,61.12,-31.42,2.28,2,3.32e+03
-71.50,0.00,0.00,399.97,338.85,61.12,-30.98,2.28,2,3.24e+03
-70.50,0.00,0.00,399.97,338.85,61.12,-40.56,2.28,2,3.17e+03
-92.30,0.00,0.00,399.97,338.85,61.12,-33.43,2.28,2,3.08e+03
-74.00,0.00,0.00,399.97,338.85,61.12,-29.01,2.21,2,3.01e+03
-64.22,0.00,0.00,399.97,338.85,61.12,-24.55,2.21,2,2.94e+03
-54.34,0.00,0.00,399.97,338.85,61.12,-27.67,2.21,2,2.89e+03
-61.25,0.00,0.00,399.97,338.85,61.12,-23.63,2.21,2,2.83e+03
-44.96,0.00,0.00,399.97,338.85,61.12,-19.99,1.90,2,2.78e+03
-38.03,0.00,0.00,399.97,338.85,61.12,-18.71,1.90,2,2.74e+03
-35.60,0.00,0.00,399.97,338.85,61.12,-15.67,1.90,2,2.71e+03
-29.81,0.00,0.00,399.97,338.85,61.12,-15.21,1.90,2,2.68e+03
-25.34,0.00,0.00,399.97,338.85,61.12,-2.86,1.67,2,2.65e+03
-4.77,0.00,0.00,399.97,338.85,61.12,0.26,1.67,2,2.65e+03
0.43,-0.00,0.00,399.97,338.85,61.12,38.19,1.67,2,2.65e+03
63.64,-0.00,0.00,399.97,338.85,61.12,24.43,1.67,2,2.71e+03
4.50,-0.00,0.00,399.97,338.85,61.12,37.13,0.18,2,2.72e+03
6.84,-0.00,0.00,399.97,338.85,61.12,59.06,0.18,2,2.72e+03
37.34,0.00,0.00,399.55,338.85,60.70,79.23,1.26,1,2.76e+03
50.10,0.00,0.00,399.14,338.79,60.34,77.01,1.26,1,2.81e+03
0.16,0.00,0.00,398.72,338.38,60.34,80.43,0.00,1,2.81e+03
0.17,1561.49,308.50,373.30,317.09,56.22,85.79,23.25,0,4.68e+03
0.18,1658.59,336.02,347.92,296.30,51.62,91.69,23.25,0,6.68e+03
0.20,1873.31,258.48,322.92,274.33,48.59,105.44,23.25,0,8.81e+03
0.00,2154.24,297.24,297.92,252.36,45.56,93.34,23.25,0,1.13e+04
0.00,1907.03,263.13,272.92,230.39,42.52,88.78,23.25,0,1.34e+04
0.00,1813.86,250.27,247.92,208.42,39.49,72.48,23.25,0,1.55e+04
0.00,1464.64,220.52,222.92,186.69,36.22,78.71,23.25,0,1.72e+04
0.00,1590.54,239.47,197.92,164.97,32.95,71.53,23.25,0,1.90e+04
0.00,1445.45,217.63,172.92,143.24,29.68,66.24,23.25,0,2.07e+04
0.00,1338.55,201.53,147.92,121.51,26.41,55.72,23.25,0,2.22e+04
0.00,0.00,0.00,147.92,121.51,26.41,73.56,0.00,1,2.22e+04
0.00,1444.41,265.86,122.92,100.39,22.52,69.95,23.25,0,2.39e+04
0.00,1373.53,252.81,97.92,79.28,18.63,64.32,23.25,0,2.55e+04
0.00,1219.89,275.55,72.92,58.89,14.03,53.06,23.25,0,2.70e+04
0.00,0.00,0.00,72.92,58.89,14.03,70.18,0.00,1,2.70e+04
0.00,1281.15,350.54,47.92,39.26,8.66,62.14,23.25,0,2.87e+04
0.00,1153.69,291.07,22.92,19.30,3.62,59.19,23.25,0,3.01e+04
0.00,1062.13,199.31,0.00,0.00,0.00,54.77,21.31,0,3.14e+04
0.00,0.00,0.00,0.00,0.00,0.00,68.92,0.00,1,3.14e+04
0.00,0.00,0.00,0.00,0.00,0.00,68.30,0.00,0,3.14e+04
0.00,0.00,0.00,0.00,0.00,0.00,67.70,0.00,0,3.14e+04
0.00,0.00,0.00,0.00,0.00,0.00,53.02,0.00,0,3.14e+04
0.00,0.00,0.00,0.00,0.00,0.00,61.90,0.00,0,3.14e+04
0.00,0.00,0.00,0.00,0.00,0.00,64.70,0.00,0,3.14e+04
0.00,0.00,0.00,0.00,0.00,0.00,64.70,0.00,0,3.14e+04
0.00,0.00,0.00,0.00,0.00,0.00,53.90,0.00,0,3.14e+04
0.00,0.00,0.00,0.00,0.00,0.00,64.64,0.00,0,3.14e+04
0.00,0.00,0.00,0.00,0.00,0.00,64.64,0.00,0,3.14e+04
0.00,0.00,0.00,0.00,0.00,0.00,66.81,0.00,0,3.14e+04
0.00,0.00,0.00,0.00,0.00,0.00,54.65,0.00,0,3.14e+04
0.00,0.00,0.00,0.00,0.00,0.00,63.66,0.00,0,3.14e+04
0.00,0.00,0.00,0.00,0.00,0.00,67.14,0.00,0,3.14e+04
0.00,0.00,0.00,0.00,0.00,0.00,67.21,0.00,0,3.14e+04
0.00,0.00,0.00,0.00,0.00,0.00,62.08,0.00,0,3.14e+04
0.00,0.00,0.00,0.00,0.00,0.00,57.87,0.00,0,3.14e+04
0.00,0.00,0.00,0.00,0.00,0.00,67.38,0.00,0,3.14e+04
0.00,0.00,0.00,0.00,0.00,0.00,68.13,0.00,0,3.14e+04
0.00,0.00,0.00,0.00,0.00,0.00,66.79,0.00,0,3.14e+04
0.00,0.00,0.00,0.00,0.00,0.00,68.34,0.00,0,3.14e+04
0.00,0.00,0.00,0.00,0.00,0.00,68.21,0.00,0,3.14e+04
0.00,0.00,0.00,0.00,0.00,0.00,75.39,0.00,0,3.14e+04
0.00,0.00,0.00,0.00,0.00,0.00,74.77,0.00,0,3.14e+04
0.00,0.00,0.00,0.00,0.00,0.00,77.02,0.00,0,3.14e+04
0.90,0.00,0.00,0.00,0.00,0.00,96.17,0.02,0,3.14e+04
1.13,0.00,0.00,0.00,0.00,0.00,107.34,0.02,0,3.14e+04
1.26,0.00,0.00,0.00,0.00,0.00,89.94,0.02,0,3.14e+04
1.05,0.00,0.00,0.00,0.00,0.00,75.21,0.02,0,3.14e+04
118.95,0.00,0.00,0.00,0.00,0.00,68.23,3.16,0,3.15e+04
107.91,0.00,0.00,0.00,0.00,0.00,48.82,3.16,0,3.16e+04
77.21,0.00,0.00,0.00,0.00,0.00,25.42,3.16,1,3.17e+04
40.20,0.00,0.00,0.00,0.00,0.00,44.62,3.16,1,3.17e+04
183.19,0.00,0.00,0.00,0.00,0.00,20.03,8.21,1,3.19e+04
0.00,-418.52,0.00,23.25,19.43,3.82,2.20,-20.89,2,3.15e+04
0.00,-45.97,0.00,46.50,38.86,7.64,-0.52,-20.89,2,3.14e+04
-0.00,10.87,0.00,69.75,58.30,11.45,-0.30,-20.89,2,3.15e+04
-0.00,6.12,0.00,93.00,77.26,15.74,-5.97,-20.39,2,3.15e+04
-0.00,121.72,0.00,116.25,96.22,20.03,-3.49,-20.39,2,3.16e+04
-0.00,71.15,0.00,139.50,115.18,24.32,-10.02,-20.39,2,3.17e+04
-0.00,204.29,0.00,162.75,134.14,28.61,-6.39,-20.39,2,3.19e+04
-0.00,134.91,0.00,186.00,153.77,32.23,-10.22,-21.11,2,3.20e+04
-0.00,215.76,0.00,209.25,173.41,35.84,-15.52,-21.11,2,3.22e+04
-0.00,327.66,0.00,232.50,193.04,39.46,-19.54,-21.11,2,3.25e+04
-0.00,412.53,0.00,255.75,212.67,43.08,-19.46,-21.11,2,3.30e+04
-0.00,418.56,0.00,279.00,232.68,46.32,-19.33,-21.51,2,3.34e+04
-0.00,415.77,0.00,302.25,252.68,49.57,-19.76,-21.51,2,3.38e+04
-0.00,425.02,0.00,325.50,272.68,52.82,-24.83,-21.51,2,3.42e+04
-0.00,534.07,0.00,348.75,292.69,56.06,-19.67,-21.51,2,3.47e+04
-0.00,425.34,0.00,372.00,312.80,59.20,-19.95,-21.62,2,3.52e+04
-0.00,431.40,0.00,394.86,332.52,62.34,-20.21,-21.62,2,3.56e+04
-0.00,43.91,0.00,399.61,334.13,65.48,-28.76,-2.17,2,3.56e+04
-73.95,0.00,0.00,399.94,333.71,66.23,-22.72,2.57,2,3.56e+04
-63.74,0.00,0.00,399.97,333.71,66.25,-24.88,2.81,2,3.55e+04
-70.38,0.00,0.00,399.97,333.71,66.25,-25.48,2.83,2,3.54e+04
-72.12,0.00,0.00,399.97,333.71,66.25,-33.42,2.83,2,3.54e+04
-94.59,0.00,0.00,399.97,333.71,66.25,-22.36,2.83,2,3.53e+04
-62.11,0.00,0.00,399.97,333.71,66.25,-22.45,2.78,2,3.52e+04
-62.36,0.00,0.00,399.97,333.71,66.25,-22.74,2.78,2,3.51e+04
-63.17,0.00,0.00,399.97,333.71,66.25,-31.53,2.78,2,3.51e+04
-87.58,0.00,0.00,399.97,333.71,66.25,-21.52,2.78,2,3.50e+04
-53.39,0.00,0.00,399.97,333.71,66.25,-19.70,2.48,2,3.49e+04
-48.87,0.00,0.00,399.97,333.71,66.25,-19.66,2.48,2,3.49e+04
-48.78,0.00,0.00,399.97,333.71,66.25,-19.63,2.48,2,3.48e+04
-48.70,0.00,0.00,399.97,333.71,66.25,-19.58,2.48,2,3.48e+04
-39.03,0.00,0.00,399.97,333.71,66.25,-19.38,1.99,2,3.48e+04
-38.63,0.00,0.00,399.97,333.71,66.25,-12.56,1.99,2,3.47e+04
-25.03,0.00,0.00,399.97,333.71,66.25,-10.99,1.99,2,3.47e+04
-21.90,0.00,0.00,399.97,333.71,66.25,-7.15,1.99,2,3.47e+04
-13.92,0.00,0.00,399.97,333.71,66.25,-0.01,1.95,2,3.47e+04
-0.02,0.00,0.00,399.97,333.71,66.25,21.24,1.95,2,3.47e+04
41.36,-0.00,0.00,399.97,333.71,66.25,42.39,1.95,2,3.47e+04
82.55,-0.00,0.00,399.97,333.71,66.25,29.62,1.95,2,3.48e+04
7.65,-0.00,0.00,399.97,333.71,66.25,41.42,0.26,2,3.48e+04
10.70,-0.00,0.00,399.97,333.71,66.25,77.23,0.26,2,3.48e+04
54.55,0.00,0.00,399.55,333.71,65.84,84.63,1.41,1,3.49e+04
59.78,0.00,0.00,399.14,333.65,65.48,81.60,1.41,1,3.49e+04
0.80,0.00,0.00,398.72,333.24,65.48,105.37,0.02,1,3.49e+04
1.03,2000.34,449.51,373.30,312.41,60.89,100.80,23.27,0,3.74e+04
0.99,1927.10,416.50,347.92,291.85,56.06,89.65,23.27,0,3.97e+04
0.88,1813.67,270.70,322.92,270.10,52.82,100.85,23.27,0,4.18e+04
0.00,2040.25,304.51,297.92,248.35,49.57,84.28,23.25,0,4.41e+04
0.00,1705.03,254.48,272.92,226.59,46.32,84.38,23.25,0,4.61e+04
0.00,1707.05,254.78,247.92,204.84,43.08,77.47,23.25,0,4.81e+04
0.00,1540.67,260.51,222.92,183.46,39.46,96.43,23.25,0,4.99e+04
0.00,1917.73,324.27,197.92,162.07,35.84,82.95,23.25,0,5.21e+04
0.00,1649.65,278.94,172.92,140.69,32.23,80.17,23.25,0,5.40e+04
0.00,1594.36,269.59,147.92,119.30,28.61,66.67,23.25,0,5.59e+04
0.00,1284.13,265.95,122.92,98.59,24.32,88.15,23.25,0,5.75e+04
0.00,1697.86,351.63,97.92,77.88,20.03,77.36,23.25,0,5.95e+04
0.00,1409.21,389.41,72.92,58.30,14.62,75.32,23.25,0,6.13e+04
0.00,1361.15,390.04,47.92,38.86,9.05,64.86,23.25,0,6.31e+04
0.00,1192.28,315.72,22.92,19.10,3.82,82.12,23.25,0,6.46e+04
0.00,1458.52,291.60,0.00,0.00,0.00,66.81,21.31,0,6.63e+04
0.00,0.00,0.00,0.00,0.00,0.00,61.14,0.00,0,6.63e+04
0.00,0.00,0.00,0.00,0.00,0.00,50.00,0.00,0,6.63e+04
0.00,0.00,0.00,0.00,0.00,0.00,84.80,0.00,1,6.63e+04
0.00,0.00,0.00,0.00,0.00,0.00,68.63,0.00,0,6.63e+04
0.00,0.00,0.00,0.00,0.00,0.00,82.03,0.00,0,6.63e+04
0.00,0.00,0.00,0.00,0.00,0.00,62.53,0.00,0,6.63e+04
0.00,0.00,0.00,0.00,0.00,0.00,82.80,0.00,0,6.63e+04
0.00,0.00,0.00,0.00,0.00,0.00,76.43,0.00,0,6.63e+04
0.00,0.00,0.00,0.00,0.00,0.00,82.51,0.00,0,6.63e+04
0.00,0.00,0.00,0.00,0.00,0.00,74.83,0.00,0,6.63e+04
0.00,0.00,0.00,0.00,0.00,0.00,83.04,0.00,0,6.63e+04
0.00,0.00,0.00,0.00,0.00,0.00,82.67,0.00,0,6.63e+04
0.00,0.00,0.00,0.00,0.00,0.00,82.90,0.00,0,6.63e+04
0.00,0.00,0.00,0.00,0.00,0.00,75.83,0.00,0,6.63e+04
0.00,0.00,0.00,0.00,0.00,0.00,88.11,0.00,0,6.63e+04
0.00,0.00,0.00,0.00,0.00,0.00,89.64,0.00,0,6.63e+04
0.00,0.00,0.00,0.00,0.00,0.00,91.16,0.00,0,6.63e+04
0.00,0.00,0.00,0.00,0.00,0.00,86.39,0.00,0,6.63e+04
0.00,0.00,0.00,0.00,0.00,0.00,81.83,0.00,0,6.63e+04
0.00,0.00,0.00,0.00,0.00,0.00,98.19,0.00,0,6.63e+04
0.00,0.00,0.00,0.00,0.00,0.00,95.20,0.00,0,6.63e+04
0.00,0.00,0.00,0.00,0.00,0.00,102.19,0.00,0,6.63e+04
0.00,0.00,0.00,0.00,0.00,0.00,98.67,0.00,0,6.63e+04
0.00,0.00,0.00,0.00,0.00,0.00,103.43,0.00,0,6.63e+04
0.00,0.00,0.00,0.00,0.00,0.00,113.65,0.00,0,6.63e+04
0.00,0.00,0.00,0.00,0.00,0.00,119.46,0.00,0,6.63e+04
0.00,0.00,0.00,0.00,0.00,0.00,115.84,0.00,0,6.63e+04
3.54,0.00,0.00,0.00,0.00,0.00,146.39,0.06,0,6.63e+04
4.47,0.00,0.00,0.00,0.00,0.00,186.06,0.06,0,6.63e+04
5.68,0.00,0.00,0.00,0.00,0.00,264.09,0.06,0,6.63e+04
8.07,0.00,0.00,0.00,0.00,0.00,257.60,0.06,0,6.63e+04
451.40,0.00,0.00,0.00,0.00,0.00,263.68,3.50,0,6.68e+04
462.05,0.00,0.00,0.00,0.00,0.00,114.33,3.50,0,6.72e+04
200.34,0.00,0.00,0.00,0.00,0.00,53.79,3.50,0,6.74e+04
94.26,0.00,0.00,0.00,0.00,0.00,71.75,3.50,1,6.75e+04
340.29,0.00,0.00,0.00,0.00,0.00,48.28,9.49,1,6.79e+04
228.98,0.00,0.00,0.00,0.00,0.00,23.96,9.49,1,6.81e+04
0.00,-485.37,0.00,23.25,18.84,4.41,4.22,-20.26,2,6.76e+04
0.00,-85.49,0.00,46.50,37.68,8.82,14.22,-20.26,2,6.75e+04
0.00,-277.08,0.00,69.75,55.80,13.95,18.13,-19.49,2,6.73e+04
0.00,-353.27,0.00,93.00,73.92,19.08,7.27,-19.49,2,6.69e+04
0.00,-141.66,0.00,116.25,92.04,24.21,0.13,-19.49,2,6.68e+04
0.00,-2.53,0.00,139.50,110.16,29.34,5.38,-19.49,2,6.68e+04
0.00,-104.57,0.00,162.75,128.24,34.51,1.98,-19.44,2,6.67e+04
0.00,-38.49,0.00,186.00,146.32,39.68,0.13,-19.44,2,6.66e+04
0.00,-2.53,0.00,209.25,164.39,44.86,-2.54,-19.44,2,6.66e+04
-0.00,49.37,0.00,232.50,182.47,50.03,-0.08,-19.44,2,6.67e+04
-0.00,1.59,0.00,255.75,200.95,54.80,-2.04,-19.87,2,6.67e+04
-0.00,40.53,0.00,279.00,219.42,59.58,-3.15,-19.87,2,6.67e+04
-0.00,62.58,0.00,302.25,237.90,64.35,-5.67,-19.87,2,6.68e+04
-0.00,112.65,0.00,325.50,256.38,69.12,-1.86,-19.87,2,6.69e+04
-0.00,38.01,0.00,348.75,275.38,73.37,-4.45,-20.43,2,6.69e+04
-0.00,90.93,0.00,372.00,294.38,77.62,-9.77,-20.43,2,6.70e+04
-0.00,199.63,0.00,394.86,313.00,81.86,-11.97,-20.43,2,6.72e+04
-0.00,11.75,0.00,399.61,313.50,86.11,-10.53,-0.98,2,6.72e+04
-33.79,0.00,0.00,399.94,313.08,86.86,-15.58,3.21,2,6.72e+04
-55.17,0.00,0.00,399.97,313.08,86.88,-16.05,3.54,2,6.71e+04
-57.20,0.00,0.00,399.97,313.08,86.88,-17.97,3.56,2,6.71e+04
-64.08,0.00,0.00,399.97,313.08,86.88,-16.20,3.57,2,6.70e+04
-55.40,0.00,0.00,399.97,313.08,86.88,-16.09,3.42,2,6.70e+04
-55.02,0.00,0.00,399.97,313.08,86.88,-15.54,3.42,2,6.69e+04
-53.14,0.00,0.00,399.97,313.08,86.88,-16.71,3.42,2,6.68e+04
-57.14,0.00,0.00,399.97,313.08,86.88,-16.71,3.42,2,6.68e+04
-53.95,0.00,0.00,399.97,313.08,86.88,-10.92,3.23,2,6.67e+04
-35.26,0.00,0.00,399.97,313.08,86.88,-9.61,3.23,2,6.67e+04
-31.03,0.00,0.00,399.97,313.08,86.88,-13.76,3.23,2,6.67e+04
-44.43,0.00,0.00,399.97,313.08,86.88,-10.00,3.23,2,6.66e+04
-30.26,0.00,0.00,399.97,313.08,86.88,-0.01,3.03,2,6.66e+04
-0.03,0.00,0.00,399.97,313.08,86.88,-0.01,3.03,2,6.66e+04
-0.03,0.00,0.00,399.97,313.08,86.88,-0.01,3.03,2,6.66e+04
-0.03,0.00,0.00,399.97,313.08,86.88,-0.01,3.03,2,6.66e+04
-0.03,0.00,0.00,399.97,313.08,86.88,0.05,2.89,2,6.66e+04
0.14,-0.00,0.00,399.97,313.08,86.88,41.99,2.89,2,6.66e+04
121.29,-0.00,0.00,399.97,313.08,86.88,73.25,2.89,2,6.67e+04
211.59,-0.00,0.00,399.97,313.08,86.88,66.41,2.89,2,6.69e+04
20.98,-0.00,0.00,399.97,313.08,86.88,91.72,0.32,2,6.70e+04
70.07,0.00,0.00,399.55,313.08,86.47,112.64,1.53,1,6.70e+04
86.05,1993.38,625.50,374.14,294.00,80.14,114.07,24.78,0,6.97e+04
87.14,1975.22,676.90,348.75,275.38,73.37,113.10,24.78,0,7.25e+04
0.00,2182.84,446.73,323.75,254.62,69.12,134.44,23.25,0,7.51e+04
0.00,2528.93,596.80,298.75,234.40,64.35,123.97,23.25,0,7.82e+04
0.00,2331.98,550.32,273.75,214.17,59.58,117.14,23.25,0,8.11e+04
0.00,2203.50,520.00,248.75,193.94,54.80,150.06,23.25,0,8.38e+04
0.00,2822.75,666.14,223.75,173.72,50.03,124.98,23.25,0,8.73e+04
0.00,2304.50,601.29,198.75,153.89,44.86,120.05,23.25,0,9.02e+04
0.00,2213.59,577.57,173.75,134.06,39.68,113.03,23.25,0,9.30e+04
0.00,2084.15,543.80,148.75,114.24,34.51,124.91,23.25,0,9.56e+04
0.00,2303.21,600.95,123.75,94.41,29.34,120.97,23.25,0,9.85e+04
0.00,2235.55,577.00,98.75,74.54,24.21,118.37,23.25,0,1.01e+05
0.00,2062.81,689.29,73.75,55.80,17.95,113.50,23.25,0,1.04e+05
0.00,1912.78,726.09,48.75,37.68,11.07,114.50,23.25,0,1.07e+05
0.00,2006.10,656.02,23.75,18.84,4.91,110.59,23.25,0,1.09e+05
0.00,1937.60,504.65,0.00,0.00,0.00,101.98,22.08,0,1.12e+05
0.00,0.00,0.00,0.00,0.00,0.00,90.03,0.00,0,1.12e+05
0.00,0.00,0.00,0.00,0.00,0.00,90.52,0.00,0,1.12e+05
0.00,0.00,0.00,0.00,0.00,0.00,86.79,0.00,0,1.12e+05
0.00,0.00,0.00,0.00,0.00,0.00,80.17,0.00,0,1.12e+05
0.00,0.00,0.00,0.00,0.00,0.00,59.14,0.00,0,1.12e+05
0.00,0.00,0.00,0.00,0.00,0.00,88.53,0.00,1,1.12e+05
0.00,0.00,0.00,0.00,0.00,0.00,95.00,0.00,0,1.12e+05
0.00,0.00,0.00,0.00,0.00,0.00,92.00,0.00,0,1.12e+05
0.00,0.00,0.00,0.00,0.00,0.00,76.75,0.00,0,1.12e+05
0.00,0.00,0.00,0.00,0.00,0.00,95.58,0.00,0,1.12e+05
0.00,0.00,0.00,0.00,0.00,0.00,93.31,0.00,0,1.12e+05
0.00,0.00,0.00,0.00,0.00,0.00,90.13,0.00,0,1.12e+05
0.00,0.00,0.00,0.00,0.00,0.00,74.84,0.00,0,1.12e+05
0.00,0.00,0.00,0.00,0.00,0.00,94.68,0.00,0,1.12e+05
0.00,0.00,0.00,0.00,0.00,0.00,91.66,0.00,0,1.12e+05
0.00,0.00,0.00,0.00,0.00,0.00,91.63,0.00,0,1.12e+05
0.00,0.00,0.00,0.00,0.00,0.00,80.46,0.00,0,1.12e+05
0.00,0.00,0.00,0.00,0.00,0.00,84.72,0.00,0,1.12e+05
0.00,0.00,0.00,0.00,0.00,0.00,89.86,0.00,0,1.12e+05
0.00,0.00,0.00,0.00,0.00,0.00,92.17,0.00,0,1.12e+05
0.00,0.00,0.00,0.00,0.00,0.00,85.68,0.00,0,1.12e+05
0.00,0.00,0.00,0.00,0.00,0.00,84.94,0.00,0,1.12e+05
0.00,0.00,0.00,0.00,0.00,0.00,86.93,0.00,0,1.12e+05
0.00,0.00,0.00,0.00,0.00,0.00,96.67,0.00,0,1.12e+05
0.00,0.00,0.00,0.00,0.00,0.00,96.33,0.00,0,1.12e+05
0.00,0.00,0.00,0.00,0.00,0.00,80.39,0.00,0,1.12e+05
0.00,0.00,0.00,0.00,0.00,0.00,96.50,0.00,0,1.12e+05
0.00,0.00,0.00,0.00,0.00,0.00,110.59,0.00,0,1.12e+05
0.00,0.00,0.00,0.00,0.00,0.00,119.12,0.00,0,1.12e+05
0.00,0.00,0.00,0.00,0.00,0.00,110.52,0.00,0,1.12e+05
2.57,0.00,0.00,0.00,0.00,0.00,118.87,0.05,0,1.12e+05
2.76,0.00,0.00,0.00,0.00,0.00,148.23,0.05,0,1.12e+05
3.45,0.00,0.00,0.00,0.00,0.00,131.14,0.05,0,1.12e+05
3.05,0.00,0.00,0.00,0.00,0.00,261.18,0.05,0,1.12e+05
409.47,0.00,0.00,0.00,0.00,0.00,141.20,3.14,0,1.12e+05
221.37,0.00,0.00,0.00,0.00,0.00,106.28,3.14,0,1.12e+05
166.62,0.00,0.00,0.00,0.00,0.00,69.72,3.14,0,1.13e+05
109.30,0.00,0.00,0.00,0.00,0.00,112.03,3.14,1,1.13e+05
507.67,0.00,0.00,0.00,0.00,0.00,63.99,9.06,0,1.13e+05
289.97,0.00,0.00,0.00,0.00,0.00,49.17,9.06,1,1.14e+05
222.81,0.00,0.00,0.00,0.00,0.00,12.62,9.06,1,1.14e+05
0.00,-258.31,0.00,23.25,19.04,4.21,57.06,-20.47,2,1.14e+05
0.00,-1100.84,0.00,46.50,36.98,9.52,41.17,-19.29,2,1.12e+05
0.00,-794.28,0.00,69.75,54.92,14.83,77.74,-19.29,2,1.12e+05
0.00,-1499.82,0.00,93.00,72.86,20.14,7.29,-19.29,2,1.10e+05
0.00,-140.64,0.00,116.25,90.80,25.45,22.83,-19.29,2,1.10e+05
0.00,-433.14,0.00,139.50,108.45,31.05,11.60,-18.97,2,1.10e+05
0.00,-220.08,0.00,162.75,126.09,36.66,9.55,-18.97,2,1.09e+05
0.00,-181.19,0.00,186.00,143.74,42.26,6.73,-18.97,2,1.09e+05
0.00,-127.68,0.00,209.25,161.38,47.87,9.35,-18.97,2,1.09e+05
0.00,-175.31,0.00,232.50,178.82,53.68,7.59,-18.75,2,1.09e+05
0.00,-142.31,0.00,255.75,196.26,59.49,5.21,-18.75,2,1.09e+05
0.00,-97.69,0.00,279.00,213.69,65.31,-2.65,-18.75,2,1.09e+05
-0.00,49.69,0.00,302.25,231.13,71.12,0.18,-18.75,2,1.09e+05
0.00,-3.40,0.00,325.50,248.68,76.82,0.46,-18.87,2,1.09e+05
0.00,-8.68,0.00,348.75,266.23,82.52,0.53,-18.87,2,1.09e+05
0.00,-10.00,0.00,372.00,283.78,88.22,-6.20,-18.87,2,1.09e+05
-0.00,117.01,0.00,394.86,300.95,93.91,3.11,-18.87,2,1.09e+05
1.09,-0.00,0.00,399.61,300.54,99.07,3.22,0.35,2,1.09e+05
16.40,-0.00,0.00,399.94,300.54,99.41,6.47,5.09,2,1.09e+05
35.10,-0.00,0.00,399.97,300.54,99.43,5.90,5.43,2,1.09e+05
32.15,-0.00,0.00,399.97,300.54,99.43,-0.87,5.45,2,1.09e+05
-4.17,0.00,0.00,399.97,300.54,99.43,0.39,4.80,2,1.09e+05
1.87,-0.00,0.00,399.97,300.54,99.43,4.23,4.80,2,1.09e+05
20.29,-0.00,0.00,399.97,300.54,99.43,3.16,4.80,2,1.09e+05
15.16,-0.00,0.00,399.97,300.54,99.43,3.16,4.80,2,1.09e+05
13.48,-0.00,0.00,399.97,300.54,99.43,3.16,4.26,2,1.09e+05
13.48,-0.00,0.00,399.97,300.54,99.43,-0.34,4.26,2,1.09e+05
-1.45,0.00,0.00,399.97,300.54,99.43,-1.78,4.26,2,1.09e+05
-7.59,0.00,0.00,399.97,300.54,99.43,4.89,4.26,2,1.09e+05
16.16,-0.00,0.00,399.97,300.54,99.43,17.97,3.30,2,1.09e+05
59.38,-0.00,0.00,399.97,300.54,99.43,23.23,3.30,2,1.09e+05
76.76,-0.00,0.00,399.97,300.54,99.43,27.64,3.30,2,1.09e+05
91.33,-0.00,0.00,399.97,300.54,99.43,26.32,3.30,2,1.09e+05
64.45,-0.00,0.00,399.97,300.54,99.43,50.04,2.45,2,1.09e+05
122.53,-0.00,0.00,399.97,300.54,99.43,103.68,2.45,2,1.09e+05
253.87,-0.00,0.00,399.97,300.54,99.43,137.87,2.45,2,1.10e+05
399.35,0.00,0.00,399.55,300.54,99.02,82.09,5.79,1,1.10e+05
52.11,0.00,0.00,399.14,300.54,98.60,101.92,1.27,1,1.10e+05
64.70,0.00,0.00,398.72,300.54,98.18,127.98,1.27,1,1.10e+05
81.24,2039.98,935.56,373.30,283.40,89.91,126.20,24.52,0,1.13e+05
80.11,2112.30,821.85,347.92,265.40,82.52,129.60,24.52,0,1.16e+05
0.00,2326.30,686.90,322.92,246.10,76.82,147.78,23.25,0,1.19e+05
0.00,2652.63,783.26,297.92,226.80,71.12,157.86,23.25,0,1.23e+05
0.00,2816.91,853.33,272.92,207.61,65.31,151.53,23.25,0,1.26e+05
0.00,2703.96,819.11,247.92,188.42,59.49,150.55,23.25,0,1.30e+05
0.00,2686.47,813.82,222.92,169.24,53.68,140.82,23.25,0,1.33e+05
0.00,2512.84,761.22,197.92,150.05,47.87,115.98,23.25,0,1.37e+05
0.00,2091.90,604.63,172.92,130.65,42.26,116.19,23.25,0,1.39e+05
0.00,2095.69,605.73,147.92,111.26,36.66,123.49,23.25,0,1.42e+05
0.00,2227.36,643.79,122.92,91.86,31.05,119.40,23.25,0,1.45e+05
0.00,2110.07,665.98,97.92,72.86,25.05,115.98,23.25,0,1.48e+05
0.00,1935.27,761.26,72.92,54.92,18.00,111.58,23.25,0,1.50e+05
0.00,1861.85,732.38,47.92,36.98,10.94,113.64,23.25,0,1.53e+05
0.00,1931.54,710.59,22.92,18.70,4.21,110.46,23.25,0,1.56e+05
0.00,1921.17,432.93,0.00,0.00,0.00,103.60,21.31,0,1.58e+05
0.00,0.00,0.00,0.00,0.00,0.00,91.23,0.00,0,1.58e+05
0.00,0.00,0.00,0.00,0.00,0.00,104.14,0.00,0,1.58e+05
0.00,0.00,0.00,0.00,0.00,0.00,99.41,0.00,0,1.58e+05
0.00,0.00,0.00,0.00,0.00,0.00,90.72,0.00,0,1.58e+05
0.00,0.00,0.00,0.00,0.00,0.00,74.47,0.00,0,1.58e+05
0.00,0.00,0.00,0.00,0.00,0.00,91.88,0.00,0,1.58e+05
0.00,0.00,0.00,0.00,0.00,0.00,89.93,0.00,0,1.58e+05
0.00,0.00,0.00,0.00,0.00,0.00,88.40,0.00,0,1.58e+05
0.00,0.00,0.00,0.00,0.00,0.00,84.58,0.00,0,1.58e+05
0.00,0.00,0.00,0.00,0.00,0.00,92.50,0.00,0,1.58e+05
0.00,0.00,0.00,0.00,0.00,0.00,92.04,0.00,0,1.58e+05
0.00,0.00,0.00,0.00,0.00,0.00,87.39,0.00,0,1.58e+05
0.00,0.00,0.00,0.00,0.00,0.00,82.41,0.00,0,1.58e+05
0.00,0.00,0.00,0.00,0.00,0.00,87.57,0.00,0,1.58e+05
0.00,0.00,0.00,0.00,0.00,0.00,87.50,0.00,0,1.58e+05
0.00,0.00,0.00,0.00,0.00,0.00,84.13,0.00,0,1.58e+05
0.00,0.00,0.00,0.00,0.00,0.00,77.45,0.00,0,1.58e+05
0.00,0.00,0.00,0.00,0.00,0.00,83.15,0.00,0,1.58e+05
0.00,0.00,0.00,0.00,0.00,0.00,85.92,0.00,0,1.58e+05
0.00,0.00,0.00,0.00,0.00,0.00,87.67,0.00,0,1.58e+05
0.00,0.00,0.00,0.00,0.00,0.00,78.25,0.00,0,1.58e+05
0.00,0.00,0.00,0.00,0.00,0.00,83.11,0.00,0,1.58e+05
0.00,0.00,0.00,0.00,0.00,0.00,86.33,0.00,0,1.58e+05
0.00,0.00,0.00,0.00,0.00,0.00,90.22,0.00,0,1.58e+05
0.00,0.00,0.00,0.00,0.00,0.00,90.40,0.00,0,1.58e+05
0.00,0.00,0.00,0.00,0.00,0.00,82.64,0.00,0,1.58e+05
0.00,0.00,0.00,0.00,0.00,0.00,92.05,0.00,0,1.58e+05
0.00,0.00,0.00,0.00,0.00,0.00,109.06,0.00,0,1.58e+05
0.00,0.00,0.00,0.00,0.00,0.00,138.64,0.00,0,1.58e+05
0.00,0.00,0.00,0.00,0.00,0.00,97.75,0.00,0,1.58e+05
3.90,0.00,0.00,0.00,0.00,0.00,109.64,0.08,0,1.58e+05
4.37,0.00,0.00,0.00,0.00,0.00,124.86,0.08,0,1.58e+05
4.98,0.00,0.00,0.00,0.00,0.00,120.24,0.08,0,1.58e+05
4.79,0.00,0.00,0.00,0.00,0.00,232.95,0.08,0,1.58e+05
226.30,0.00,0.00,0.00,0.00,0.00,124.50,1.94,0,1.58e+05
120.95,0.00,0.00,0.00,0.00,0.00,105.37,1.94,0,1.58e+05
102.36,0.00,0.00,0.00,0.00,0.00,79.67,1.94,0,1.58e+05
77.40,0.00,0.00,0.00,0.00,0.00,122.64,1.94,0,1.58e+05
254.55,0.00,0.00,0.00,0.00,0.00,149.74,4.15,0,1.59e+05
310.80,0.00,0.00,0.00,0.00,0.00,114.62,4.15,0,1.59e+05
237.91,0.00,0.00,0.00,0.00,0.00,84.29,4.15,0,1.59e+05
174.95,0.00,0.00,0.00,0.00,0.00,86.96,4.15,1,1.59e+05
286.47,0.00,0.00,0.00,0.00,0.00,98.95,6.59,1,1.60e+05
325.96,0.00,0.00,0.00,0.00,0.00,97.32,6.59,1,1.60e+05
320.60,0.00,0.00,0.00,0.00,0.00,79.74,6.59,1,1.60e+05
262.68,0.00,0.00,0.00,0.00,0.00,114.39,6.59,1,1.61e+05
529.78,0.00,0.00,0.00,0.00,0.00,117.77,9.26,1,1.61e+05
545.44,0.00,0.00,0.00,0.00,0.00,106.67,9.26,1,1.62e+05
494.03,0.00,0.00,0.00,0.00,0.00,97.19,9.26,1,1.62e+05
450.12,0.00,0.00,0.00,0.00,0.00,84.88,9.26,1,1.63e+05
404.73,0.00,0.00,0.00,0.00,0.00,60.36,9.54,1,1.63e+05
287.81,0.00,0.00,0.00,0.00,0.00,72.31,9.54,1,1.63e+05
344.79,0.00,0.00,0.00,0.00,0.00,61.06,9.54,1,1.64e+05
291.15,0.00,0.00,0.00,0.00,0.00,77.62,9.54,1,1.64e+05
0.00,-1578.30,0.00,23.25,18.91,4.34,79.59,-20.33,2,1.62e+05
0.00,-1618.35,0.00,46.50,37.82,8.68,69.35,-20.33,2,1.61e+05
0.00,-1410.14,0.00,69.75,56.73,13.02,52.37,-20.33,2,1.59e+05
0.00,-1064.87,0.00,93.00,75.64,17.36,74.13,-20.33,2,1.58e+05
0.00,-1514.69,0.00,116.25,94.64,21.61,75.28,-20.43,2,1.57e+05
0.00,-1538.18,0.00,139.50,113.65,25.85,53.49,-20.43,2,1.55e+05
0.00,-1092.95,0.00,162.75,132.65,30.10,49.85,-20.43,2,1.54e+05
0.00,-1018.58,0.00,186.00,151.65,34.35,53.55,-20.43,2,1.53e+05
0.00,-1105.09,0.00,209.25,170.84,38.41,12.70,-20.64,2,1.52e+05
0.00,-262.08,0.00,232.50,190.04,42.46,5.95,-20.64,2,1.52e+05
0.00,-122.79,0.00,255.75,209.23,46.52,5.96,-20.64,2,1.52e+05
0.00,-122.99,0.00,279.00,228.42,50.58,5.66,-20.64,2,1.52e+05
0.00,-118.83,0.00,302.25,247.94,54.31,16.83,-20.99,2,1.51e+05
0.00,-353.33,0.00,325.50,267.47,58.03,17.46,-20.99,2,1.51e+05
0.00,-366.55,0.00,348.75,286.99,61.76,23.22,-20.99,2,1.51e+05
0.00,-487.48,0.00,372.00,306.52,65.48,36.47,-20.99,2,1.50e+05
0.00,-762.72,0.00,394.86,325.58,69.28,34.47,-20.91,2,1.49e+05
0.00,-50.41,0.00,399.61,326.53,73.08,51.36,-1.46,2,1.49e+05
168.55,-0.00,0.00,399.94,326.11,73.83,60.33,3.28,2,1.50e+05
218.00,-0.00,0.00,399.97,326.11,73.86,62.11,3.61,2,1.50e+05
154.71,-0.00,0.00,399.97,326.11,73.86,80.05,2.49,2,1.50e+05
199.53,-0.00,0.00,399.97,326.11,73.86,102.56,2.49,2,1.50e+05
301.60,0.00,0.00,399.55,326.11,73.44,141.59,5.88,1,1.50e+05
416.38,0.00,0.00,399.14,326.05,73.08,80.71,5.88,1,1.51e+05
47.99,0.00,0.00,398.72,325.64,73.08,99.46,1.19,1,1.51e+05
59.14,0.00,0.00,398.30,325.22,73.08,196.84,1.19,1,1.51e+05
117.05,3485.18,1091.35,372.89,306.13,66.76,127.02,24.44,0,1.56e+05
75.53,2408.11,545.10,347.50,285.74,61.76,111.08,24.44,0,1.59e+05
0.00,2197.74,384.87,322.50,264.47,58.03,137.92,23.25,0,1.61e+05
0.00,2728.77,477.87,297.50,243.20,54.31,181.74,23.25,0,1.64e+05
0.00,3595.76,629.69,272.50,221.92,50.58,134.33,23.25,0,1.69e+05
0.00,2616.22,506.95,247.50,200.98,46.52,246.64,23.25,0,1.72e+05
0.00,4803.58,930.80,222.50,180.04,42.46,147.44,23.25,0,1.78e+05
0.00,2871.55,556.43,197.50,159.09,38.41,133.98,23.25,0,1.81e+05
0.00,2609.40,505.63,172.50,138.15,34.35,115.67,23.25,0,1.84e+05
0.00,2232.41,456.91,147.50,117.40,30.10,122.07,23.25,0,1.87e+05
0.00,2355.93,482.19,122.50,96.65,25.85,116.88,23.25,0,1.90e+05
0.00,2255.77,461.69,97.50,75.89,21.61,113.25,23.25,0,1.92e+05
0.00,2018.42,614.64,72.50,56.73,15.77,105.57,23.25,0,1.95e+05
0.00,1856.61,597.89,47.50,37.82,9.68,107.90,23.25,0,1.97e+05
0.00,1972.71,535.96,22.50,18.16,4.34,99.67,23.25,0,2.00e+05
0.00,1683.46,402.26,0.00,0.00,0.00,90.79,20.93,0,2.02e+05
0.00,0.00,0.00,0.00,0.00,0.00,80.28,0.00,0,2.02e+05
0.00,0.00,0.00,0.00,0.00,0.00,98.75,0.00,1,2.02e+05
0.00,0.00,0.00,0.00,0.00,0.00,92.76,0.00,1,2.02e+05
0.00,0.00,0.00,0.00,0.00,0.00,90.90,0.00,1,2.02e+05
0.00,0.00,0.00,0.00,0.00,0.00,67.49,0.00,1,2.02e+05
0.00,0.00,0.00,0.00,0.00,0.00,74.00,0.00,1,2.02e+05
0.00,0.00,0.00,0.00,0.00,0.00,69.89,0.00,0,2.02e+05
0.00,0.00,0.00,0.00,0.00,0.00,69.86,0.00,0,2.02e+05
0.00,0.00,0.00,0.00,0.00,0.00,60.47,0.00,0,2.02e+05
0.00,0.00,0.00,0.00,0.00,0.00,72.42,0.00,1,2.02e+05
0.00,0.00,0.00,0.00,0.00,0.00,70.18,0.00,0,2.02e+05
0.00,0.00,0.00,0.00,0.00,0.00,64.32,0.00,0,2.02e+05
0.00,0.00,0.00,0.00,0.00,0.00,56.97,0.00,0,2.02e+05
0.00,0.00,0.00,0.00,0.00,0.00,63.43,0.00,1,2.02e+05
0.00,0.00,0.00,0.00,0.00,0.00,64.05,0.00,0,2.02e+05
0.00,0.00,0.00,0.00,0.00,0.00,62.26,0.00,0,2.02e+05
0.00,0.00,0.00,0.00,0.00,0.00,54.93,0.00,0,2.02e+05
0.00,0.00,0.00,0.00,0.00,0.00,60.42,0.00,1,2.02e+05
0.00,0.00,0.00,0.00,0.00,0.00,59.37,0.00,0,2.02e+05
0.00,0.00,0.00,0.00,0.00,0.00,68.48,0.00,0,2.02e+05
0.00,0.00,0.00,0.00,0.00,0.00,64.03,0.00,0,2.02e+05
0.00,0.00,0.00,0.00,0.00,0.00,56.80,0.00,0,2.02e+05
0.00,0.00,0.00,0.00,0.00,0.00,59.44,0.00,0,2.02e+05
0.00,0.00,0.00,0.00,0.00,0.00,72.06,0.00,0,2.02e+05
0.00,0.00,0.00,0.00,0.00,0.00,60.95,0.00,0,2.02e+05
0.00,0.00,0.00,0.00,0.00,0.00,72.33,0.00,0,2.02e+05
0.00,0.00,0.00,0.00,0.00,0.00,80.83,0.00,0,2.02e+05
0.00,0.00,0.00,0.00,0.00,0.00,96.92,0.00,0,2.02e+05
0.00,0.00,0.00,0.00,0.00,0.00,96.74,0.00,0,2.02e+05
0.00,0.00,0.00,0.00,0.00,0.00,84.66,0.00,0,2.02e+05
2.46,0.00,0.00,0.00,0.00,0.00,95.56,0.06,0,2.02e+05
2.78,0.00,0.00,0.00,0.00,0.00,120.04,0.06,0,2.02e+05
3.49,0.00,0.00,0.00,0.00,0.00,97.02,0.06,0,2.02e+05
2.82,0.00,0.00,0.00,0.00,0.00,155.81,0.06,0,2.02e+05
247.42,0.00,0.00,0.00,0.00,0.00,88.00,3.18,0,2.02e+05
139.74,0.00,0.00,0.00,0.00,0.00,85.56,3.18,0,2.02e+05
135.87,0.00,0.00,0.00,0.00,0.00,33.55,3.18,0,2.03e+05
53.28,0.00,0.00,0.00,0.00,0.00,53.54,3.18,1,2.03e+05
215.35,0.00,0.00,0.00,0.00,0.00,31.52,8.04,1,2.03e+05
126.78,0.00,0.00,0.00,0.00,0.00,17.01,8.04,1,2.03e+05
0.00,-356.83,0.00,23.25,19.51,3.74,9.49,-20.98,2,2.03e+05
0.00,-199.08,0.00,46.50,39.02,7.48,31.04,-20.98,2,2.02e+05
0.00,-619.89,0.00,69.75,57.59,12.16,22.78,-19.97,2,2.02e+05
0.00,-454.93,0.00,93.00,76.16,16.84,15.01,-19.97,2,2.01e+05
0.00,-299.76,0.00,116.25,94.74,21.51,2.20,-19.97,2,2.01e+05
0.00,-43.94,0.00,139.50,113.31,26.19,19.17,-19.97,2,2.01e+05
0.00,-373.42,0.00,162.75,131.43,31.32,16.93,-19.48,2,2.01e+05
0.00,-329.79,0.00,186.00,149.54,36.46,14.73,-19.48,2,2.00e+05
0.00,-286.93,0.00,209.25,167.66,41.59,4.34,-19.48,2,2.00e+05
0.00,-84.54,0.00,232.50,185.77,46.73,4.34,-19.48,2,2.00e+05
0.00,-87.23,0.00,255.75,204.46,51.29,3.69,-20.10,2,2.00e+05
0.00,-74.17,0.00,279.00,223.16,55.84,2.70,-20.10,2,2.00e+05
0.00,-54.27,0.00,302.25,241.85,60.40,-2.89,-20.10,2,2.00e+05
-0.00,58.09,0.00,325.50,260.54,64.96,20.17,-20.10,2,2.00e+05
0.00,-412.35,0.00,348.75,279.55,69.20,6.68,-20.44,2,1.99e+05
0.00,-136.57,0.00,372.00,298.57,73.43,6.04,-20.44,2,1.99e+05
0.00,-123.48,0.00,394.86,317.19,77.67,3.13,-20.44,2,1.99e+05
0.00,-3.11,0.00,399.61,317.70,81.91,7.69,-0.99,2,1.99e+05
25.93,-0.00,0.00,399.94,317.29,82.66,6.66,3.37,2,1.99e+05
24.67,-0.00,0.00,399.97,317.29,82.68,7.74,3.70,2,1.99e+05
28.84,-0.00,0.00,399.97,317.29,82.68,2.06,3.73,2,1.99e+05
7.68,-0.00,0.00,399.97,317.29,82.68,6.20,3.73,2,1.99e+05
21.09,-0.00,0.00,399.97,317.29,82.68,2.15,3.40,2,1.99e+05
7.31,-0.00,0.00,399.97,317.29,82.68,1.11,3.40,2,1.99e+05
3.78,-0.00,0.00,399.97,317.29,82.68,0.56,3.40,2,1.99e+05
1.91,-0.00,0.00,399.97,317.29,82.68,0.56,3.40,2,1.99e+05
1.77,-0.00,0.00,399.97,317.29,82.68,-0.71,3.16,2,1.99e+05
-2.24,0.00,0.00,399.97,317.29,82.68,0.13,3.16,2,1.99e+05
0.41,-0.00,0.00,399.97,317.29,82.68,3.38,3.16,2,1.99e+05
10.67,-0.00,0.00,399.97,317.29,82.68,-0.11,3.16,2,1.99e+05
-0.30,0.00,0.00,399.97,317.29,82.68,16.77,2.74,2,1.99e+05
45.88,-0.00,0.00,399.97,317.29,82.68,16.15,2.74,2,1.99e+05
44.19,-0.00,0.00,399.97,317.29,82.68,5.90,2.74,2,1.99e+05
16.14,-0.00,0.00,399.97,317.29,82.68,17.54,2.74,2,1.99e+05
34.76,-0.00,0.00,399.97,317.29,82.68,34.76,1.98,2,1.99e+05
68.89,-0.00,0.00,399.97,317.29,82.68,49.43,1.98,2,1.99e+05
97.97,-0.00,0.00,399.97,317.29,82.68,60.70,1.98,2,2.00e+05
120.30,-0.00,0.00,399.97,317.29,82.68,48.08,1.98,2,2.00e+05
37.24,0.00,0.00,399.55,317.29,82.26,62.99,1.55,1,2.00e+05
48.79,0.00,0.00,399.14,317.23,81.91,92.82,1.55,1,2.00e+05
71.90,0.00,0.00,398.72,316.81,81.91,92.83,1.55,1,2.00e+05
71.91,0.00,0.00,398.30,316.78,81.52,93.10,1.55,1,2.00e+05
0.00,1610.57,554.00,372.89,298.18,74.71,97.13,23.25,0,2.02e+05
0.00,1795.23,463.04,347.50,278.30,69.20,104.76,23.25,0,2.04e+05
0.00,2022.85,412.82,322.50,257.54,64.96,103.56,23.25,0,2.07e+05
0.00,1968.79,438.98,297.50,237.10,60.40,139.84,23.25,0,2.09e+05
0.00,2658.51,592.77,272.50,216.66,55.84,99.08,23.25,0,2.12e+05
0.00,1883.62,419.99,247.50,196.22,51.29,93.70,23.25,0,2.15e+05
0.00,1781.34,397.19,222.50,175.77,46.73,85.11,23.25,0,2.17e+05
0.00,1572.42,406.38,197.50,155.91,41.59,89.06,23.25,0,2.19e+05
0.00,1645.40,425.25,172.50,136.04,36.46,79.12,23.25,0,2.21e+05
0.00,1461.76,377.78,147.50,116.18,31.32,77.55,23.25,0,2.23e+05
0.00,1432.75,370.29,122.50,96.31,26.19,60.93,23.25,0,2.25e+05
0.00,0.00,0.00,122.50,96.31,26.19,71.11,0.00,1,2.25e+05
0.00,1332.35,320.96,97.50,76.16,21.34,62.23,23.25,0,2.26e+05
0.00,0.00,0.00,97.50,76.16,21.34,59.08,0.00,1,2.26e+05
0.00,0.00,0.00,97.50,76.16,21.34,54.91,0.00,1,2.26e+05
0.00,0.00,0.00,97.50,76.16,21.34,60.27,0.00,1,2.26e+05
0.00,0.00,0.00,97.50,76.16,21.34,56.83,0.00,1,2.26e+05
0.00,0.00,0.00,97.50,76.16,21.34,53.21,0.00,1,2.26e+05
0.00,0.00,0.00,97.50,76.16,21.34,48.78,0.00,1,2.26e+05
0.00,0.00,0.00,97.50,76.16,21.34,56.90,0.00,1,2.26e+05
0.00,982.81,340.12,72.50,57.59,14.91,57.05,23.25,0,2.28e+05
0.00,985.40,341.01,47.50,39.02,8.48,53.94,23.25,0,2.29e+05
0.00,1016.22,237.88,22.50,18.76,3.74,52.92,23.25,0,2.30e+05
0.00,923.32,184.10,0.00,0.00,0.00,58.89,20.93,0,2.31e+05
0.00,0.00,0.00,0.00,0.00,0.00,58.68,0.00,0,2.31e+05
0.00,0.00,0.00,0.00,0.00,0.00,55.47,0.00,0,2.31e+05
0.00,0.00,0.00,0.00,0.00,0.00,52.91,0.00,0,2.31e+05
0.00,0.00,0.00,0.00,0.00,0.00,53.05,0.00,0,2.31e+05
0.00,0.00,0.00,0.00,0.00,0.00,53.24,0.00,0,2.31e+05
0.00,0.00,0.00,0.00,0.00,0.00,52.98,0.00,0,2.31e+05
0.00,0.00,0.00,0.00,0.00,0.00,49.54,0.00,0,2.31e+05
0.00,0.00,0.00,0.00,0.00,0.00,52.82,0.00,0,2.31e+05
0.00,0.00,0.00,0.00,0.00,0.00,52.81,0.00,0,2.31e+05
0.00,0.00,0.00,0.00,0.00,0.00,53.55,0.00,0,2.31e+05
0.00,0.00,0.00,0.00,0.00,0.00,52.00,0.00,0,2.31e+05
0.00,0.00,0.00,0.00,0.00,0.00,50.43,0.00,0,2.31e+05
0.00,0.00,0.00,0.00,0.00,0.00,52.80,0.00,0,2.31e+05
0.00,0.00,0.00,0.00,0.00,0.00,52.91,0.00,0,2.31e+05
0.00,0.00,0.00,0.00,0.00,0.00,55.30,0.00,0,2.31e+05
0.00,0.00,0.00,0.00,0.00,0.00,53.05,0.00,0,2.31e+05
0.00,0.00,0.00,0.00,0.00,0.00,56.05,0.00,0,2.31e+05
0.00,0.00,0.00,0.00,0.00,0.00,76.15,0.00,0,2.31e+05
0.00,0.00,0.00,0.00,0.00,0.00,77.04,0.00,0,2.31e+05
0.00,0.00,0.00,0.00,0.00,0.00,83.35,0.00,0,2.31e+05
4.90,0.00,0.00,0.00,0.00,0.00,94.43,0.12,0,2.31e+05
5.55,0.00,0.00,0.00,0.00,0.00,111.37,0.12,0,2.31e+05
6.55,0.00,0.00,0.00,0.00,0.00,97.07,0.12,0,2.31e+05
5.71,0.00,0.00,0.00,0.00,0.00,97.52,0.12,0,2.31e+05
203.28,0.00,0.00,0.00,0.00,0.00,104.33,4.17,0,2.31e+05
217.47,0.00,0.00,0.00,0.00,0.00,55.22,4.17,0,2.32e+05
115.10,0.00,0.00,0.00,0.00,0.00,39.46,4.17,0,2.32e+05
82.25,0.00,0.00,0.00,0.00,0.00,51.99,4.17,1,2.32e+05
248.71,0.00,0.00,0.00,0.00,0.00,32.95,9.57,1,2.32e+05
157.62,0.00,0.00,0.00,0.00,0.00,14.30,9.57,1,2.32e+05
0.00,-289.09,0.00,23.25,18.80,4.45,1.97,-20.22,2,2.32e+05
0.00,-39.83,0.00,46.50,37.60,8.90,4.17,-20.22,2,2.32e+05
0.00,-83.56,0.00,69.75,56.24,13.51,2.86,-20.04,2,2.32e+05
0.00,-57.31,0.00,93.00,74.87,18.13,-0.99,-20.04,2,2.32e+05
-0.00,19.84,0.00,116.25,93.51,22.74,-6.32,-20.04,2,2.32e+05
-0.00,126.64,0.00,139.50,112.14,27.36,-4.34,-20.04,2,2.32e+05
-0.00,86.90,0.00,162.75,130.76,31.99,-6.11,-20.02,2,2.32e+05
-0.00,122.34,0.00,186.00,149.39,36.61,-8.11,-20.02,2,2.32e+05
-0.00,162.39,0.00,209.25,168.01,41.24,-10.47,-20.02,2,2.32e+05
-0.00,209.65,0.00,232.50,186.63,45.87,-11.81,-20.02,2,2.33e+05
-0.00,243.03,0.00,255.75,205.77,49.98,-11.73,-20.58,2,2.33e+05
-0.00,241.38,0.00,279.00,224.91,54.09,-12.32,-20.58,2,2.33e+05
-0.00,253.53,0.00,302.25,244.04,58.21,-13.17,-20.58,2,2.33e+05
-0.00,271.02,0.00,325.50,263.18,62.32,-11.69,-20.58,2,2.34e+05
-0.00,241.46,0.00,348.75,282.39,66.36,-11.85,-20.66,2,2.34e+05
-0.00,244.76,0.00,372.00,301.60,70.40,-15.70,-20.66,2,2.34e+05
-0.00,324.29,0.00,394.86,320.42,74.44,-20.15,-20.66,2,2.34e+05
-0.00,24.26,0.00,399.61,321.13,78.48,-15.61,-1.20,2,2.34e+05
-50.56,0.00,0.00,399.94,320.71,79.23,-15.80,3.24,2,2.34e+05
-56.41,0.00,0.00,399.97,320.71,79.25,-17.41,3.57,2,2.34e+05
-62.57,0.00,0.00,399.97,320.71,79.25,-19.71,3.59,2,2.34e+05
-70.86,0.00,0.00,399.97,320.71,79.25,-13.39,3.60,2,2.34e+05
-38.80,0.00,0.00,399.97,320.71,79.25,-12.55,2.90,2,2.34e+05
-36.36,0.00,0.00,399.97,320.71,79.25,-19.34,2.90,2,2.34e+05
-56.04,0.00,0.00,399.97,320.71,79.25,-15.63,2.90,2,2.34e+05
-45.29,0.00,0.00,399.97,320.71,79.25,-12.33,2.90,2,2.34e+05
-36.21,0.00,0.00,399.97,320.71,79.25,-11.60,2.94,2,2.34e+05
-34.07,0.00,0.00,399.97,320.71,79.25,-10.45,2.94,2,2.34e+05
-30.69,0.00,0.00,399.97,320.71,79.25,-11.70,2.94,2,2.34e+05
-34.36,0.00,0.00,399.97,320.71,79.25,-15.09,2.94,2,2.34e+05
-34.26,0.00,0.00,399.97,320.71,79.25,-9.99,2.27,2,2.34e+05
-22.68,0.00,0.00,399.97,320.71,79.25,-6.26,2.27,2,2.34e+05
-14.21,0.00,0.00,399.97,320.71,79.25,-3.81,2.27,2,2.34e+05
-8.65,0.00,0.00,399.97,320.71,79.25,-0.35,2.27,2,2.34e+05
-0.52,0.00,0.00,399.97,320.71,79.25,2.97,1.49,2,2.34e+05
4.42,-0.00,0.00,399.97,320.71,79.25,43.11,1.49,2,2.34e+05
64.20,-0.00,0.00,399.97,320.71,79.25,70.86,1.49,2,2.34e+05
105.52,-0.00,0.00,399.97,320.71,79.25,47.46,1.49,2,2.34e+05
20.86,0.00,0.00,399.55,320.71,78.84,55.08,0.88,1,2.34e+05
24.21,0.00,0.00,399.14,320.65,78.48,76.74,0.88,1,2.34e+05
33.73,0.00,0.00,398.72,320.24,78.48,88.61,0.88,1,2.34e+05
38.94,1549.09,511.10,373.30,301.21,72.09,84.94,24.13,0,2.36e+05
0.00,1552.70,422.15,347.92,281.56,66.36,86.76,23.25,0,2.38e+05
0.00,1691.14,326.03,322.92,260.60,62.32,92.68,23.25,0,2.40e+05
0.00,1800.37,354.44,297.92,239.71,58.21,86.72,23.25,0,2.42e+05
0.00,1684.60,331.64,272.92,218.82,54.09,89.99,23.25,0,2.44e+05
0.00,1748.12,344.15,247.92,197.93,49.98,83.95,23.25,0,2.46e+05
0.00,1630.79,321.05,222.92,177.05,45.87,79.46,23.25,0,2.48e+05
0.00,1505.44,342.01,197.92,156.67,41.24,69.70,23.25,0,2.50e+05
0.00,1320.53,300.00,172.92,136.30,36.61,69.70,23.25,0,2.52e+05
0.00,1320.53,300.00,147.92,115.93,31.99,85.70,23.25,0,2.53e+05
0.00,1623.66,368.86,122.92,95.56,27.36,77.78,23.25,0,2.55e+05
0.00,1474.57,333.82,97.92,75.17,22.74,66.00,23.25,0,2.57e+05
0.00,1162.30,372.20,72.92,56.24,16.68,71.65,23.25,0,2.59e+05
0.00,1241.74,424.12,47.92,37.60,10.31,71.95,23.25,0,2.60e+05
0.00,1280.41,392.43,22.92,18.47,4.45,63.26,23.25,0,2.62e+05
0.00,1086.45,261.73,0.00,0.00,0.00,59.18,21.31,0,2.63e+05
0.00,0.00,0.00,0.00,0.00,0.00,63.80,0.00,0,2.63e+05
0.00,0.00,0.00,0.00,0.00,0.00,59.36,0.00,0,2.63e+05
0.00,0.00,0.00,0.00,0.00,0.00,60.39,0.00,0,2.63e+05
0.00,0.00,0.00,0.00,0.00,0.00,55.25,0.00,0,2.63e+05
0.00,0.00,0.00,0.00,0.00,0.00,68.00,0.00,0,2.63e+05
0.00,0.00,0.00,0.00,0.00,0.00,57.34,0.00,0,2.63e+05
0.00,0.00,0.00,0.00,0.00,0.00,58.59,0.00,0,2.63e+05
0.00,0.00,0.00,0.00,0.00,0.00,52.88,0.00,0,2.63e+05
0.00,0.00,0.00,0.00,0.00,0.00,45.45,0.00,0,2.63e+05
