solar_reward,grid_reward,soc,curr_lmp,net_load,a,total_rwd
0.32,0.00,0.00,41.70,0.01,1,3.23e-01
0.00,-1042.19,25.00,40.37,-24.99,2,-1.04e+03
0.30,-0.00,25.00,39.25,0.01,1,-1.04e+03
0.29,-0.00,25.00,42.59,0.01,1,-1.04e+03
4.36,1064.75,0.00,42.58,25.20,0,2.78e+01
4.36,0.00,0.00,42.34,0.20,1,3.22e+01
4.34,0.00,0.00,41.36,0.20,1,3.65e+01
4.24,0.00,0.00,42.38,0.20,1,4.08e+01
0.00,-959.28,25.00,42.40,-22.64,2,-9.19e+02
0.00,-959.73,50.00,42.32,-22.64,2,-1.88e+03
0.00,-957.92,75.00,41.32,-22.64,2,-2.84e+03
0.00,-935.29,100.00,41.43,-22.64,2,-3.77e+03
203.04,1035.75,75.00,41.66,34.80,0,-2.53e+03
0.00,-837.33,100.00,42.18,-20.10,2,-3.37e+03
206.72,1054.50,75.00,42.74,34.80,0,-2.11e+03
0.00,-859.04,100.00,43.03,-20.10,2,-2.97e+03
232.76,1075.75,75.00,44.30,35.82,0,-1.66e+03
239.63,1107.50,50.00,47.42,35.82,0,-3.12e+02
256.51,1185.50,25.00,53.69,35.82,0,1.13e+03
290.43,1342.25,0.00,50.70,35.82,0,2.76e+03
284.53,0.00,0.00,53.35,11.22,1,3.05e+03
299.41,0.00,0.00,50.86,11.22,1,3.35e+03
285.43,0.00,0.00,45.30,11.22,1,3.63e+03
0.00,-878.27,25.00,42.46,-19.39,2,2.75e+03
239.74,-0.00,25.00,43.00,11.29,1,2.99e+03
242.79,-0.00,25.00,41.43,11.29,1,3.24e+03
233.93,-0.00,25.00,41.03,11.29,1,3.47e+03
231.67,-0.00,25.00,39.80,11.29,1,3.70e+03
0.00,-769.01,50.00,80.20,-19.32,2,2.93e+03
455.38,2005.00,25.00,48.26,36.36,0,5.39e+03
0.00,-932.48,50.00,80.17,-19.32,2,4.46e+03
455.21,2004.25,25.00,42.71,36.36,0,6.92e+03
0.00,-825.67,50.00,43.47,-19.33,2,6.09e+03
246.39,-0.00,50.00,42.88,11.34,1,6.34e+03
0.00,-828.95,75.00,37.55,-19.33,2,5.51e+03
0.00,-725.91,100.00,32.98,-19.33,2,4.79e+03
0.00,-639.58,125.00,34.51,-19.39,2,4.15e+03
0.00,-669.25,150.00,27.23,-19.39,2,3.48e+03
0.00,-528.07,175.00,30.49,-19.39,2,2.95e+03
170.96,762.25,150.00,26.27,36.21,0,3.88e+03
0.00,-518.52,175.00,38.44,-19.74,2,3.36e+03
0.00,-758.73,200.00,40.47,-19.74,2,2.61e+03
0.00,-798.80,225.00,46.45,-19.74,2,1.81e+03
244.42,1161.25,200.00,39.82,35.52,0,3.21e+03
0.00,-786.78,225.00,43.65,-19.76,2,2.43e+03
0.00,-862.46,250.00,48.95,-19.76,2,1.56e+03
0.00,-967.18,275.00,50.01,-19.76,2,5.95e+02
262.13,1250.25,250.00,36.18,35.48,0,2.11e+03
0.00,-733.63,275.00,39.49,-20.28,2,1.37e+03
0.00,-800.75,300.00,45.67,-20.28,2,5.73e+02
215.69,1141.75,275.00,48.88,34.45,0,1.93e+03
230.85,1222.00,250.00,38.60,34.45,0,3.38e+03
0.00,-863.66,275.00,44.95,-22.37,2,2.52e+03
0.00,-1005.74,300.00,47.75,-22.37,2,1.51e+03
125.37,1193.75,275.00,45.88,30.25,0,2.83e+03
120.46,1147.00,250.00,47.73,30.25,0,4.10e+03
11.16,1193.25,225.00,55.24,25.47,0,5.31e+03
12.91,1381.00,200.00,68.71,25.47,0,6.70e+03
16.06,1717.75,175.00,72.11,25.47,0,8.43e+03
16.85,1802.75,150.00,55.02,25.47,0,1.03e+04
0.00,-0.00,150.00,54.04,0.00,1,1.03e+04
0.00,-0.00,150.00,54.04,0.00,1,1.03e+04
0.00,1351.00,125.00,54.04,25.00,0,1.16e+04
0.00,-1351.00,150.00,52.97,-25.00,2,1.03e+04
0.00,1324.25,125.00,47.11,25.00,0,1.16e+04
0.00,1177.75,100.00,47.11,25.00,0,1.28e+04
0.00,-1177.75,125.00,68.26,-25.00,2,1.16e+04
0.00,1706.50,100.00,57.49,25.00,0,1.33e+04
0.00,1437.25,75.00,69.18,25.00,0,1.47e+04
0.00,1729.50,50.00,102.22,25.00,0,1.65e+04
0.00,2555.50,25.00,144.39,25.00,0,1.90e+04
0.00,3609.75,0.00,89.93,25.00,0,2.26e+04
0.00,0.00,0.00,106.09,0.00,1,2.26e+04
0.00,0.00,0.00,106.26,0.00,1,2.26e+04
0.00,0.00,0.00,169.45,0.00,1,2.26e+04
0.00,0.00,0.00,81.67,0.00,1,2.26e+04
0.00,0.00,0.00,80.48,0.00,1,2.26e+04
0.00,0.00,0.00,75.40,0.00,1,2.26e+04
0.00,0.00,0.00,67.33,0.00,1,2.26e+04
0.00,0.00,0.00,79.04,0.00,1,2.26e+04
0.00,0.00,0.00,78.63,0.00,1,2.26e+04
0.00,0.00,0.00,73.89,0.00,1,2.26e+04
0.00,0.00,0.00,60.32,0.00,0,2.26e+04
0.00,0.00,0.00,59.19,0.00,1,2.26e+04
0.00,-1479.75,25.00,58.69,-25.00,2,2.11e+04
0.00,1467.25,0.00,54.95,25.00,0,2.26e+04
0.00,0.00,0.00,50.66,0.00,1,2.26e+04
0.00,-1266.50,25.00,58.63,-25.00,2,2.13e+04
0.00,1465.75,0.00,50.15,25.00,0,2.28e+04
0.00,-1253.75,25.00,47.20,-25.00,2,2.15e+04
0.00,-1180.00,50.00,43.30,-25.00,2,2.04e+04
0.00,-1082.50,75.00,54.60,-25.00,2,1.93e+04
0.00,1365.00,50.00,50.61,25.00,0,2.07e+04
0.00,1265.25,25.00,46.26,25.00,0,2.19e+04
0.00,-0.00,25.00,43.30,0.00,1,2.19e+04
0.00,-1082.50,50.00,48.03,-25.00,2,2.08e+04
0.00,1200.75,25.00,45.36,25.00,0,2.20e+04
0.00,-0.00,25.00,43.41,0.00,1,2.20e+04
0.00,-0.00,25.00,42.01,0.00,1,2.20e+04
0.00,-1050.25,50.00,43.58,-25.00,2,2.10e+04
4.33,1089.50,25.00,44.02,25.20,0,2.21e+04
4.38,1100.50,0.00,42.96,25.20,0,2.32e+04
4.27,0.00,0.00,42.85,0.20,1,2.32e+04
4.26,0.00,0.00,44.47,0.20,1,2.32e+04
0.00,-1010.28,25.00,45.82,-22.72,2,2.22e+04
0.00,-1040.95,50.00,45.09,-22.72,2,2.11e+04
0.00,-1024.36,75.00,43.61,-22.72,2,2.01e+04
0.00,-990.74,100.00,44.42,-22.72,2,1.91e+04
212.68,1110.50,75.00,46.17,34.58,0,2.04e+04
0.00,-933.19,100.00,46.94,-20.21,2,1.95e+04
224.74,1173.50,75.00,49.41,34.58,0,2.09e+04
236.57,1235.25,50.00,43.95,34.58,0,2.24e+04
0.00,-864.50,75.00,46.40,-19.67,2,2.15e+04
247.30,1160.00,50.00,53.13,35.66,0,2.29e+04
283.17,1328.25,25.00,61.20,35.66,0,2.45e+04
326.19,1530.00,0.00,55.31,35.66,0,2.64e+04
297.29,0.00,0.00,57.69,10.75,1,2.67e+04
310.08,0.00,0.00,60.82,10.75,1,2.70e+04
326.91,0.00,0.00,47.80,10.75,1,2.73e+04
0.00,-938.08,25.00,53.53,-19.63,2,2.64e+04
290.36,-0.00,25.00,47.19,10.85,1,2.67e+04
255.97,-0.00,25.00,45.40,10.85,1,2.69e+04
246.26,-0.00,25.00,43.16,10.85,1,2.72e+04
234.11,-0.00,25.00,41.49,10.85,1,2.74e+04
229.78,-0.00,25.00,40.23,11.08,1,2.76e+04
222.80,-0.00,25.00,40.34,11.08,1,2.79e+04
0.00,-785.09,50.00,40.22,-19.46,2,2.71e+04
0.00,-782.75,75.00,40.37,-19.46,2,2.63e+04
0.00,-784.51,100.00,41.07,-19.43,2,2.55e+04
0.00,-798.11,125.00,40.17,-19.43,2,2.47e+04
0.00,-780.62,150.00,40.46,-19.43,2,2.39e+04
0.00,-786.25,175.00,45.57,-19.43,2,2.32e+04
0.00,-885.17,200.00,41.43,-19.42,2,2.23e+04
0.00,-804.75,225.00,41.57,-19.42,2,2.15e+04
231.78,1039.25,200.00,41.99,36.15,0,2.27e+04
234.12,1049.75,175.00,41.22,36.15,0,2.40e+04
0.00,-803.03,200.00,41.62,-19.48,2,2.32e+04
229.67,1040.50,175.00,44.45,36.04,0,2.45e+04
245.29,1111.25,150.00,45.80,36.04,0,2.58e+04
0.00,-892.26,175.00,39.66,-19.48,2,2.50e+04
0.00,-777.43,200.00,39.71,-19.60,2,2.42e+04
0.00,-778.41,225.00,39.55,-19.60,2,2.34e+04
213.47,988.75,200.00,41.03,35.80,0,2.46e+04
221.46,1025.75,175.00,37.49,35.80,0,2.58e+04
0.00,-757.25,200.00,40.47,-20.20,2,2.51e+04
0.00,-817.44,225.00,41.83,-20.20,2,2.43e+04
0.00,-844.91,250.00,41.21,-20.20,2,2.34e+04
0.00,-832.39,275.00,40.30,-20.20,2,2.26e+04
0.00,-908.81,300.00,41.81,-22.55,2,2.17e+04
0.00,-942.86,325.00,40.87,-22.55,2,2.07e+04
100.09,1021.75,300.00,40.61,29.90,0,2.19e+04
0.00,-915.80,325.00,36.87,-22.55,2,2.09e+04
8.25,921.75,300.00,39.11,25.45,0,2.19e+04
8.75,977.75,275.00,40.53,25.45,0,2.29e+04
9.07,1013.25,250.00,41.09,25.45,0,2.39e+04
9.19,1027.25,225.00,37.89,25.45,0,2.49e+04
0.00,947.25,200.00,41.44,25.00,0,2.59e+04
0.00,1036.00,175.00,43.95,25.00,0,2.69e+04
0.00,1098.75,150.00,48.47,25.00,0,2.80e+04
0.00,1211.75,125.00,38.98,25.00,0,2.92e+04
0.00,974.50,100.00,40.02,25.00,0,3.02e+04
0.00,-1000.50,125.00,43.78,-25.00,2,2.92e+04
0.00,1094.50,100.00,47.00,25.00,0,3.03e+04
0.00,1175.00,75.00,53.49,25.00,0,3.15e+04
0.00,1337.25,50.00,41.66,25.00,0,3.28e+04
0.00,-1041.50,75.00,43.34,-25.00,2,3.18e+04
0.00,1083.50,50.00,56.26,25.00,0,3.28e+04
0.00,1406.50,25.00,58.71,25.00,0,3.42e+04
0.00,1467.75,0.00,67.81,25.00,0,3.57e+04
0.00,0.00,0.00,60.96,0.00,1,3.57e+04
0.00,0.00,0.00,56.77,0.00,1,3.57e+04
0.00,-1419.25,25.00,61.47,-25.00,2,3.43e+04
0.00,-0.00,25.00,62.29,0.00,1,3.43e+04
0.00,-0.00,25.00,55.69,0.00,1,3.43e+04
0.00,-0.00,25.00,41.60,0.00,1,3.43e+04
0.00,-1040.00,50.00,56.28,-25.00,2,3.33e+04
0.00,1407.00,25.00,51.06,25.00,0,3.47e+04
0.00,-0.00,25.00,46.01,0.00,1,3.47e+04
0.00,-0.00,25.00,41.78,0.00,1,3.47e+04
0.00,-1044.50,50.00,53.09,-25.00,2,3.36e+04
0.00,1327.25,25.00,47.35,25.00,0,3.49e+04
0.00,-0.00,25.00,40.89,0.00,1,3.49e+04
0.00,-1022.25,50.00,40.50,-25.00,2,3.39e+04
0.00,-1012.50,75.00,44.62,-25.00,2,3.29e+04
0.00,1115.50,50.00,41.37,25.00,0,3.40e+04
0.00,-0.00,50.00,40.81,0.00,1,3.40e+04
0.00,1020.25,25.00,40.01,25.00,0,3.50e+04
0.00,-0.00,25.00,49.29,0.00,1,3.50e+04
0.00,1232.25,0.00,46.54,25.00,0,3.63e+04
0.00,0.00,0.00,41.91,0.00,1,3.63e+04
0.00,-1047.75,25.00,40.49,-25.00,2,3.52e+04
0.00,-1012.25,50.00,43.71,-25.00,2,3.42e+04
0.00,-0.00,50.00,41.68,0.00,1,3.42e+04
0.00,-0.00,50.00,41.01,0.00,1,3.42e+04
0.00,-0.00,50.00,36.52,0.00,1,3.42e+04
0.00,-913.00,75.00,37.17,-25.00,2,3.33e+04
3.07,929.25,50.00,42.20,25.17,0,3.42e+04
3.49,1055.00,25.00,40.34,25.17,0,3.53e+04
3.33,1008.50,0.00,40.33,25.17,0,3.63e+04
3.33,0.00,0.00,41.42,0.17,1,3.63e+04
0.00,-947.81,25.00,40.81,-22.88,2,3.54e+04
0.00,-933.85,50.00,41.15,-22.88,2,3.44e+04
0.00,-941.63,75.00,40.54,-22.88,2,3.35e+04
0.00,-927.67,100.00,42.05,-22.88,2,3.26e+04
199.85,1051.25,75.00,42.34,34.51,0,3.38e+04
0.00,-857.27,100.00,42.41,-20.25,2,3.30e+04
201.56,1060.25,75.00,42.55,34.51,0,3.42e+04
0.00,-861.52,100.00,46.83,-20.25,2,3.34e+04
253.01,1170.75,75.00,47.54,35.81,0,3.48e+04
256.85,1188.50,50.00,49.93,35.81,0,3.62e+04
269.76,1248.25,25.00,56.35,35.81,0,3.77e+04
304.45,1408.75,0.00,47.80,35.81,0,3.95e+04
265.49,0.00,0.00,48.58,11.11,1,3.97e+04
269.83,0.00,0.00,48.44,11.11,1,4.00e+04
269.05,0.00,0.00,48.50,11.11,1,4.03e+04
269.38,0.00,0.00,46.22,11.11,1,4.05e+04
262.32,0.00,0.00,40.91,11.35,1,4.08e+04
0.00,-790.57,25.00,35.48,-19.32,2,4.00e+04
0.00,-685.64,50.00,24.94,-19.32,2,3.93e+04
0.00,-481.96,75.00,40.65,-19.32,2,3.88e+04
0.00,-783.10,100.00,36.75,-19.26,2,3.80e+04
0.00,-707.97,125.00,31.55,-19.26,2,3.73e+04
0.00,-607.79,150.00,39.24,-19.26,2,3.67e+04
0.00,-755.93,175.00,36.68,-19.26,2,3.60e+04
209.91,917.00,150.00,41.20,36.45,0,3.71e+04
0.00,-794.22,175.00,39.79,-19.28,2,3.63e+04
0.00,-767.04,200.00,40.16,-19.28,2,3.55e+04
229.83,1004.00,175.00,33.79,36.45,0,3.68e+04
0.00,-651.94,200.00,33.79,-19.29,2,3.61e+04
192.81,844.75,175.00,23.76,36.41,0,3.72e+04
0.00,-458.42,200.00,26.18,-19.29,2,3.67e+04
149.39,654.50,175.00,26.66,36.41,0,3.75e+04
152.74,666.50,150.00,32.48,36.46,0,3.83e+04
186.08,812.00,125.00,36.73,36.46,0,3.93e+04
210.43,918.25,100.00,36.78,36.46,0,4.05e+04
0.00,-708.78,125.00,36.66,-19.27,2,3.97e+04
0.00,-709.33,150.00,37.50,-19.35,2,3.90e+04
211.92,937.50,125.00,36.37,36.30,0,4.02e+04
0.00,-703.72,150.00,36.94,-19.35,2,3.95e+04
208.75,923.50,125.00,29.73,36.30,0,4.06e+04
0.00,-595.50,150.00,33.74,-20.03,2,4.00e+04
0.00,-675.82,175.00,37.01,-20.03,2,3.93e+04
0.00,-741.32,200.00,36.77,-20.03,2,3.86e+04
0.00,-736.51,225.00,36.32,-20.03,2,3.79e+04
0.00,-823.83,250.00,36.38,-22.68,2,3.70e+04
0.00,-825.19,275.00,39.44,-22.68,2,3.62e+04
0.00,-894.60,300.00,40.00,-22.68,2,3.53e+04
92.69,1000.00,275.00,31.26,29.63,0,3.64e+04
0.00,-777.30,300.00,36.69,-24.87,2,3.56e+04
4.93,917.25,275.00,39.04,25.27,0,3.66e+04
5.25,976.00,250.00,41.13,25.27,0,3.75e+04
5.53,1028.25,225.00,29.81,25.27,0,3.86e+04
0.00,-745.25,250.00,32.80,-25.00,2,3.78e+04
0.00,-820.00,275.00,40.92,-25.00,2,3.70e+04
0.00,1023.00,250.00,47.51,25.00,0,3.80e+04
0.00,1187.75,225.00,39.55,25.00,0,3.92e+04
0.00,988.75,200.00,40.78,25.00,0,4.02e+04
0.00,1019.50,175.00,47.42,25.00,0,4.12e+04
0.00,1185.50,150.00,62.69,25.00,0,4.24e+04
0.00,1567.25,125.00,39.66,25.00,0,4.40e+04
0.00,991.50,100.00,44.06,25.00,0,4.50e+04
0.00,1101.50,75.00,55.20,25.00,0,4.61e+04
0.00,1380.00,50.00,59.72,25.00,0,4.75e+04
0.00,1493.00,25.00,52.45,25.00,0,4.89e+04
0.00,-0.00,25.00,52.10,0.00,1,4.89e+04
0.00,-0.00,25.00,52.21,0.00,1,4.89e+04
0.00,-1305.25,50.00,54.83,-25.00,2,4.76e+04
0.00,1370.75,25.00,53.00,25.00,0,4.90e+04
0.00,-0.00,25.00,53.46,0.00,1,4.90e+04
0.00,1336.50,0.00,51.97,25.00,0,5.03e+04
0.00,-1299.25,25.00,45.88,-25.00,2,4.90e+04
0.00,-1147.00,50.00,58.09,-25.00,2,4.79e+04
0.00,1452.25,25.00,52.00,25.00,0,4.94e+04
0.00,1300.00,0.00,49.64,25.00,0,5.07e+04
0.00,0.00,0.00,40.66,0.00,1,5.07e+04
0.00,-1016.50,25.00,41.76,-25.00,2,4.96e+04
0.00,-1044.00,50.00,41.20,-25.00,2,4.86e+04
0.00,-0.00,50.00,39.02,0.00,1,4.86e+04
0.00,-0.00,50.00,30.39,0.00,1,4.86e+04
0.00,-759.75,75.00,39.35,-25.00,2,4.78e+04
0.00,983.75,50.00,40.05,25.00,0,4.88e+04
0.00,1001.25,25.00,33.59,25.00,0,4.98e+04
0.00,-0.00,25.00,38.06,0.00,1,4.98e+04
0.00,-0.00,25.00,48.92,0.00,1,4.98e+04
0.00,1223.00,0.00,42.24,25.00,0,5.10e+04
0.00,-1056.00,25.00,40.65,-25.00,2,5.00e+04
0.00,-0.00,25.00,36.17,0.00,1,5.00e+04
0.00,-904.25,50.00,41.37,-25.00,2,4.91e+04
0.00,-1034.25,75.00,45.39,-25.00,2,4.80e+04
0.00,1134.75,50.00,42.57,25.00,0,4.92e+04
0.00,-0.00,50.00,37.45,0.00,1,4.92e+04
0.00,-936.25,75.00,44.58,-25.00,2,4.82e+04
3.90,1114.50,50.00,42.33,25.17,0,4.94e+04
3.70,1058.25,25.00,47.64,25.17,0,5.04e+04
4.16,1191.00,0.00,45.44,25.17,0,5.16e+04
3.97,0.00,0.00,46.63,0.17,1,5.16e+04
0.00,-1060.82,25.00,45.55,-22.75,2,5.06e+04
0.00,-1036.25,50.00,44.82,-22.75,2,4.95e+04
0.00,-1019.64,75.00,44.39,-22.75,2,4.85e+04
0.00,-1009.86,100.00,45.71,-22.75,2,4.75e+04
230.86,1142.75,75.00,45.07,35.10,0,4.89e+04
0.00,-899.12,100.00,45.37,-19.95,2,4.80e+04
229.14,1134.25,75.00,45.47,35.10,0,4.93e+04
229.65,1136.75,50.00,46.77,35.10,0,5.07e+04
265.17,1169.25,25.00,46.55,36.34,0,5.21e+04
263.92,1163.75,0.00,48.74,36.34,0,5.36e+04
276.33,0.00,0.00,48.24,11.34,0,5.38e+04
273.50,0.00,0.00,48.93,11.34,0,5.41e+04
277.49,0.00,0.00,48.71,11.34,1,5.44e+04
276.25,0.00,0.00,45.41,11.34,1,5.47e+04
0.00,-877.72,25.00,42.65,-19.33,2,5.38e+04
0.00,-824.37,50.00,41.90,-19.33,2,5.30e+04
0.00,-805.49,75.00,33.74,-19.22,2,5.22e+04
0.00,-648.62,100.00,22.19,-19.22,2,5.15e+04
0.00,-426.58,125.00,20.54,-19.22,2,5.11e+04
0.00,-394.86,150.00,26.83,-19.22,2,5.07e+04
0.00,-516.76,175.00,28.86,-19.26,2,5.02e+04
165.64,721.50,150.00,32.86,36.48,0,5.11e+04
188.60,821.50,125.00,34.57,36.48,0,5.21e+04
0.00,-665.84,150.00,41.24,-19.26,2,5.14e+04
0.00,-805.23,175.00,80.18,-19.53,2,5.06e+04
438.95,2004.50,150.00,80.66,35.95,0,5.30e+04
441.57,2016.50,125.00,80.29,35.95,0,5.55e+04
439.55,2007.25,100.00,80.43,35.95,0,5.79e+04
449.20,2010.75,75.00,82.47,36.17,0,6.04e+04
460.59,2061.75,50.00,83.73,36.17,0,6.29e+04
467.63,2093.25,25.00,85.75,36.17,0,6.55e+04
478.91,-0.00,25.00,75.63,11.17,1,6.60e+04
440.23,-0.00,25.00,73.70,11.64,1,6.64e+04
429.00,1842.50,0.00,43.70,36.64,0,6.87e+04
0.00,-838.13,25.00,76.94,-19.18,2,6.78e+04
447.86,1923.50,0.00,41.27,36.64,0,7.02e+04
0.00,-796.24,25.00,41.47,-19.29,2,6.94e+04
0.00,-800.10,50.00,74.70,-19.29,2,6.86e+04
426.28,1867.50,25.00,79.15,36.41,0,7.09e+04
451.67,1978.75,0.00,68.56,36.41,0,7.33e+04
0.00,-1369.02,25.00,36.57,-19.97,2,7.20e+04
0.00,-730.24,50.00,79.23,-19.97,2,7.12e+04
398.66,1980.75,25.00,84.78,35.06,0,7.36e+04
426.59,2119.50,0.00,67.51,35.06,0,7.62e+04
0.00,-1526.24,25.00,68.38,-22.61,2,7.46e+04
0.00,-1545.90,50.00,66.23,-22.61,2,7.31e+04
158.45,1655.75,25.00,75.68,29.78,0,7.49e+04
181.06,1892.00,0.00,33.44,29.78,0,7.70e+04
0.00,-831.84,25.00,40.31,-24.88,2,7.62e+04
0.00,-1002.74,50.00,49.35,-24.88,2,7.51e+04
0.00,-1227.61,75.00,51.41,-24.88,2,7.39e+04
6.39,1285.25,50.00,34.88,25.25,0,7.52e+04
0.00,-872.00,75.00,38.68,-25.00,2,7.43e+04
0.00,-967.00,100.00,47.86,-25.00,2,7.34e+04
0.00,-1196.50,125.00,61.09,-25.00,2,7.22e+04
0.00,1527.25,100.00,43.06,25.00,0,7.37e+04
0.00,-1076.50,125.00,44.62,-25.00,2,7.26e+04
0.00,-1115.50,150.00,54.37,-25.00,2,7.15e+04
0.00,1359.25,125.00,79.82,25.00,0,7.29e+04
0.00,1995.50,100.00,45.15,25.00,0,7.49e+04
0.00,-1128.75,125.00,48.99,-25.00,2,7.37e+04
0.00,1224.75,100.00,76.12,25.00,0,7.50e+04
0.00,1903.00,75.00,94.15,25.00,0,7.69e+04
0.00,2353.75,50.00,49.14,25.00,0,7.92e+04
0.00,-1228.50,75.00,76.46,-25.00,2,7.80e+04
0.00,1911.50,50.00,54.32,25.00,0,7.99e+04
0.00,-0.00,50.00,68.50,0.00,1,7.99e+04
0.00,1712.50,25.00,58.55,25.00,0,8.16e+04
0.00,-0.00,25.00,58.39,0.00,1,8.16e+04
0.00,1459.75,0.00,54.17,25.00,0,8.31e+04
0.00,0.00,0.00,49.38,0.00,1,8.31e+04
0.00,-1234.50,25.00,50.02,-25.00,2,8.18e+04
0.00,-1250.50,50.00,48.53,-25.00,2,8.06e+04
0.00,1213.25,25.00,49.78,25.00,0,8.18e+04
0.00,-0.00,25.00,40.79,0.00,1,8.18e+04
0.00,-1019.75,50.00,49.43,-25.00,2,8.08e+04
0.00,1235.75,25.00,43.90,25.00,0,8.20e+04
0.00,-0.00,25.00,40.95,0.00,1,8.20e+04
0.00,-1023.75,50.00,36.99,-25.00,2,8.10e+04
0.00,-924.75,75.00,47.04,-25.00,2,8.01e+04
0.00,1176.00,50.00,48.49,25.00,0,8.12e+04
0.00,1212.25,25.00,41.02,25.00,0,8.25e+04
0.00,-0.00,25.00,34.09,0.00,1,8.25e+04
0.00,-852.25,50.00,43.93,-25.00,2,8.16e+04
0.00,1098.25,25.00,42.58,25.00,0,8.27e+04
0.00,-0.00,25.00,42.37,0.00,1,8.27e+04
0.00,-0.00,25.00,41.03,0.00,1,8.27e+04
0.00,-0.00,25.00,45.09,0.00,1,8.27e+04
0.00,-0.00,25.00,45.41,0.00,1,8.27e+04
0.00,-0.00,25.00,42.17,0.00,1,8.27e+04
0.00,-0.00,25.00,35.90,0.00,1,8.27e+04
0.00,-897.50,50.00,42.50,-25.00,2,8.18e+04
3.61,1062.50,25.00,38.11,25.17,0,8.29e+04
3.24,-0.00,25.00,35.48,0.17,1,8.29e+04
3.01,-0.00,25.00,35.80,0.17,1,8.29e+04
3.04,-0.00,25.00,44.74,0.17,1,8.29e+04
0.00,-1014.93,50.00,43.10,-22.69,2,8.19e+04
0.00,-977.73,75.00,43.14,-22.69,2,8.09e+04
0.00,-978.63,100.00,42.39,-22.69,2,7.99e+04
0.00,-961.62,125.00,43.90,-22.69,2,7.90e+04
221.43,1097.50,100.00,43.86,35.09,0,8.03e+04
221.23,1096.50,75.00,43.62,35.09,0,8.16e+04
0.00,-870.48,100.00,43.37,-19.96,2,8.07e+04
218.76,1084.25,75.00,45.57,35.09,0,8.20e+04
257.67,1139.25,50.00,45.02,36.31,0,8.34e+04
254.56,1125.50,25.00,45.36,36.31,0,8.48e+04
256.49,1134.00,0.00,46.00,36.31,0,8.62e+04
260.10,0.00,0.00,49.17,11.31,0,8.64e+04
278.33,0.00,0.00,47.97,11.32,1,8.67e+04
271.54,0.00,0.00,45.75,11.32,1,8.70e+04
258.97,0.00,0.00,43.78,11.32,1,8.73e+04
0.00,-846.68,25.00,44.89,-19.34,2,8.64e+04
253.69,-0.00,25.00,37.85,11.30,1,8.67e+04
0.00,-732.34,50.00,24.58,-19.35,2,8.59e+04
0.00,-475.59,75.00,30.49,-19.35,2,8.55e+04
0.00,-589.94,100.00,25.86,-19.35,2,8.49e+04
0.00,-499.02,125.00,32.88,-19.30,2,8.44e+04
0.00,-634.49,150.00,35.14,-19.30,2,8.37e+04
0.00,-678.10,175.00,27.71,-19.30,2,8.31e+04
0.00,-534.72,200.00,27.03,-19.30,2,8.25e+04
0.00,-525.16,225.00,25.51,-19.43,2,8.20e+04
0.00,-495.62,250.00,29.13,-19.43,2,8.15e+04
162.29,728.25,225.00,29.66,36.14,0,8.24e+04
165.25,741.50,200.00,55.16,36.14,0,8.33e+04
307.59,1379.00,175.00,28.15,36.15,0,8.50e+04
0.00,-546.78,200.00,51.89,-19.42,2,8.44e+04
289.35,1297.25,175.00,49.12,36.15,0,8.60e+04
273.91,1228.00,150.00,34.33,36.15,0,8.75e+04
197.17,-0.00,150.00,31.13,11.49,1,8.77e+04
178.79,-0.00,150.00,35.17,11.49,1,8.79e+04
201.99,879.25,125.00,33.48,36.49,0,8.90e+04
192.28,-0.00,125.00,30.31,11.49,1,8.92e+04
174.23,757.75,100.00,27.66,36.50,0,9.01e+04
0.00,-532.50,125.00,37.94,-19.25,2,8.96e+04
218.09,948.50,100.00,65.91,36.50,0,9.07e+04
378.86,1647.75,75.00,35.90,36.50,0,9.28e+04
0.00,-713.38,100.00,34.92,-19.87,2,9.21e+04
0.00,-693.91,125.00,41.23,-19.87,2,9.14e+04
0.00,-819.30,150.00,42.32,-19.87,2,9.05e+04
217.04,1058.00,125.00,30.94,35.26,0,9.18e+04
0.00,-695.07,150.00,36.06,-22.47,2,9.11e+04
0.00,-810.09,175.00,41.25,-22.47,2,9.03e+04
0.00,-926.68,200.00,41.73,-22.47,2,8.94e+04
105.78,1043.25,175.00,22.42,30.07,0,9.05e+04
0.00,-557.54,200.00,29.12,-24.87,2,9.00e+04
0.00,-724.16,225.00,29.27,-24.87,2,8.92e+04
0.00,-727.89,250.00,43.15,-24.87,2,8.85e+04
5.69,1078.75,225.00,37.33,25.26,0,8.96e+04
0.00,-933.25,250.00,40.84,-25.00,2,8.87e+04
0.00,1021.00,225.00,45.85,25.00,0,8.97e+04
0.00,1146.25,200.00,56.43,25.00,0,9.08e+04
0.00,1410.75,175.00,46.16,25.00,0,9.23e+04
0.00,1154.00,150.00,52.47,25.00,0,9.34e+04
0.00,1311.75,125.00,87.29,25.00,0,9.47e+04
0.00,2182.25,100.00,94.56,25.00,0,9.69e+04
0.00,2364.00,75.00,78.06,25.00,0,9.93e+04
0.00,1951.50,50.00,93.11,25.00,0,1.01e+05
0.00,2327.75,25.00,164.54,25.00,0,1.04e+05
0.00,4113.50,0.00,164.32,25.00,0,1.08e+05
0.00,0.00,0.00,155.42,0.00,1,1.08e+05
0.00,0.00,0.00,244.63,0.00,1,1.08e+05
0.00,0.00,0.00,118.66,0.00,1,1.08e+05
0.00,0.00,0.00,128.47,0.00,1,1.08e+05
0.00,0.00,0.00,85.98,0.00,1,1.08e+05
0.00,0.00,0.00,88.65,0.00,1,1.08e+05
0.00,0.00,0.00,69.39,0.00,1,1.08e+05
0.00,-1734.75,25.00,58.43,-25.00,2,1.06e+05
0.00,1460.75,0.00,87.91,25.00,0,1.07e+05
0.00,0.00,0.00,62.66,0.00,0,1.07e+05
0.00,0.00,0.00,59.57,0.00,1,1.07e+05
0.00,-1489.25,25.00,50.44,-25.00,2,1.06e+05
0.00,-1261.00,50.00,66.16,-25.00,2,1.05e+05
0.00,1654.00,25.00,61.28,25.00,0,1.06e+05
0.00,1532.00,0.00,56.41,25.00,0,1.08e+05
0.00,-1410.25,25.00,52.44,-25.00,2,1.06e+05
0.00,-1311.00,50.00,53.77,-25.00,2,1.05e+05
0.00,-1344.25,75.00,55.11,-25.00,2,1.04e+05
0.00,1377.75,50.00,52.04,25.00,0,1.05e+05
0.00,1301.00,25.00,42.20,25.00,0,1.06e+05
0.00,-1055.00,50.00,42.29,-25.00,2,1.05e+05
0.00,-1057.25,75.00,41.34,-25.00,2,1.04e+05
0.00,-1033.50,100.00,40.63,-25.00,2,1.03e+05
0.00,-1015.75,125.00,41.07,-25.00,2,1.02e+05
0.00,-1026.75,150.00,41.22,-25.00,2,1.01e+05
0.00,1030.50,125.00,38.27,25.00,0,1.02e+05
0.00,956.75,100.00,38.07,25.00,0,1.03e+05
0.00,-951.75,125.00,36.43,-25.00,2,1.02e+05
0.00,-910.75,150.00,41.39,-25.00,2,1.01e+05
3.46,1034.75,125.00,41.07,25.17,0,1.02e+05
3.44,1026.75,100.00,41.16,25.17,0,1.03e+05
3.45,1029.00,75.00,36.91,25.17,0,1.04e+05
3.09,-0.00,75.00,33.22,0.17,1,1.04e+05
0.00,-748.75,100.00,33.24,-22.54,2,1.04e+05
0.00,-749.20,125.00,33.89,-22.54,2,1.03e+05
0.00,-763.86,150.00,34.63,-22.54,2,1.02e+05
85.22,865.75,125.00,40.14,29.92,0,1.03e+05
209.17,1003.50,100.00,40.60,35.42,0,1.04e+05
211.56,1015.00,75.00,31.11,35.42,0,1.06e+05
0.00,-615.64,100.00,42.19,-19.79,2,1.05e+05
219.85,1054.75,75.00,42.39,35.42,0,1.06e+05
245.88,1059.75,50.00,41.98,36.60,0,1.08e+05
243.50,1049.50,25.00,45.85,36.60,0,1.09e+05
265.95,1146.25,0.00,48.31,36.60,0,1.10e+05
280.22,0.00,0.00,47.35,11.60,0,1.11e+05
271.42,0.00,0.00,54.54,11.46,0,1.11e+05
312.63,0.00,0.00,56.89,11.46,0,1.11e+05
326.10,0.00,0.00,61.32,11.46,1,1.11e+05
351.50,0.00,0.00,54.15,11.46,0,1.12e+05
311.94,0.00,0.00,53.18,11.52,1,1.12e+05
306.35,0.00,0.00,46.80,11.52,1,1.12e+05
269.60,0.00,0.00,41.70,11.52,1,1.13e+05
0.00,-802.28,25.00,43.96,-19.24,2,1.12e+05
253.40,-0.00,25.00,41.51,11.53,1,1.12e+05
239.28,-0.00,25.00,38.72,11.53,1,1.12e+05
223.20,-0.00,25.00,34.81,11.53,1,1.13e+05
0.00,-669.59,50.00,41.58,-19.24,2,1.12e+05
0.00,-804.08,75.00,40.92,-19.34,2,1.11e+05
0.00,-791.31,100.00,35.24,-19.34,2,1.10e+05
0.00,-681.47,125.00,38.11,-19.34,2,1.10e+05
0.00,-736.97,150.00,41.10,-19.34,2,1.09e+05
0.00,-795.44,175.00,41.44,-19.35,2,1.08e+05
0.00,-802.02,200.00,41.89,-19.35,2,1.07e+05
0.00,-810.73,225.00,44.60,-19.35,2,1.07e+05
251.82,1115.00,200.00,41.50,36.29,0,1.08e+05
0.00,-800.51,225.00,42.50,-19.29,2,1.07e+05
242.70,1062.50,200.00,44.50,36.42,0,1.08e+05
254.12,1112.50,175.00,48.43,36.42,0,1.10e+05
276.57,1210.75,150.00,41.55,36.42,0,1.11e+05
0.00,-801.58,175.00,42.10,-19.29,2,1.10e+05
240.30,1052.50,150.00,45.60,36.42,0,1.12e+05
260.28,1140.00,125.00,52.34,36.42,0,1.13e+05
298.75,1308.50,100.00,44.85,36.42,0,1.15e+05
0.00,-889.69,125.00,47.03,-19.84,2,1.14e+05
0.00,-932.94,150.00,64.22,-19.84,2,1.13e+05
331.56,1605.50,125.00,72.02,35.33,0,1.15e+05
371.83,1800.50,100.00,48.42,35.33,0,1.17e+05
0.00,-1091.76,125.00,52.50,-22.55,2,1.16e+05
0.00,-1183.75,150.00,63.77,-22.55,2,1.15e+05
156.38,1594.25,125.00,74.32,29.90,0,1.17e+05
182.26,1858.00,100.00,48.81,29.90,0,1.19e+05
0.00,-1211.64,125.00,58.96,-24.82,2,1.17e+05
10.40,1474.00,100.00,80.24,25.35,0,1.19e+05
14.16,2006.00,75.00,89.46,25.35,0,1.21e+05
15.78,2236.50,50.00,45.80,25.35,0,1.23e+05
0.00,-1142.99,75.00,48.00,-24.96,2,1.22e+05
0.00,-1197.89,100.00,63.61,-24.96,2,1.21e+05
0.00,-1587.45,125.00,65.97,-24.96,2,1.19e+05
2.90,1649.25,100.00,43.70,25.09,0,1.21e+05
0.00,-1090.45,125.00,44.70,-24.95,2,1.20e+05
0.00,-1115.41,150.00,48.61,-24.95,2,1.19e+05
2.28,1215.25,125.00,59.24,25.09,0,1.20e+05
2.77,1481.00,100.00,48.50,25.09,0,1.21e+05
2.34,1212.50,75.00,91.85,25.10,0,1.23e+05
4.44,2296.25,50.00,103.57,25.10,0,1.25e+05
5.00,2589.25,25.00,318.00,25.10,0,1.27e+05
15.36,7950.00,0.00,74.68,25.10,0,1.35e+05
3.62,0.00,0.00,80.27,0.10,1,1.35e+05
3.89,0.00,0.00,132.28,0.10,1,1.35e+05
6.42,0.00,0.00,80.52,0.10,0,1.35e+05
3.91,0.00,0.00,56.16,0.10,1,1.35e+05
0.00,-1401.27,25.00,52.50,-24.95,2,1.34e+05
2.55,1312.50,0.00,54.15,25.10,0,1.35e+05
2.63,0.00,0.00,48.78,0.10,0,1.35e+05
2.37,0.00,0.00,76.07,0.10,1,1.35e+05
0.00,-1898.06,25.00,76.10,-24.95,2,1.33e+05
3.69,1902.50,0.00,60.78,25.10,0,1.35e+05
2.95,0.00,0.00,43.65,0.10,0,1.35e+05
0.00,-1089.13,25.00,55.50,-24.95,2,1.34e+05
0.00,-1384.82,50.00,49.69,-24.95,2,1.33e+05
2.40,1242.25,25.00,43.59,25.10,0,1.34e+05
0.00,-1087.64,50.00,42.10,-24.95,2,1.33e+05
0.00,-1050.46,75.00,42.10,-24.95,2,1.32e+05
2.04,1052.50,50.00,46.09,25.10,0,1.33e+05
2.23,1152.25,25.00,38.34,25.10,0,1.34e+05
1.86,-0.00,25.00,26.99,0.10,1,1.34e+05
0.00,-673.44,50.00,48.45,-24.95,2,1.34e+05
2.35,1211.25,25.00,46.68,25.10,0,1.35e+05
2.27,1167.00,0.00,45.19,25.10,0,1.36e+05
2.19,0.00,0.00,38.35,0.10,1,1.36e+05
0.00,-956.89,25.00,51.12,-24.95,2,1.35e+05
2.49,1278.00,0.00,47.33,25.10,0,1.36e+05
2.30,0.00,0.00,46.97,0.10,1,1.36e+05
2.28,0.00,0.00,46.92,0.10,1,1.36e+05
0.00,-1170.72,25.00,47.11,-24.95,2,1.35e+05
6.67,1177.75,0.00,46.96,25.28,0,1.36e+05
6.64,0.00,0.00,46.94,0.28,1,1.36e+05
6.64,0.00,0.00,46.98,0.28,1,1.36e+05
6.65,0.00,0.00,49.84,0.28,1,1.36e+05
0.00,-1120.47,25.00,49.69,-22.48,2,1.35e+05
0.00,-1117.10,50.00,49.06,-22.48,2,1.34e+05
0.00,-1102.94,75.00,47.65,-22.48,2,1.33e+05
0.00,-1071.24,100.00,46.98,-22.48,2,1.32e+05
252.37,1174.50,75.00,47.88,35.74,0,1.33e+05
0.00,-939.79,100.00,47.81,-19.63,2,1.32e+05
256.83,1195.25,75.00,49.46,35.74,0,1.34e+05
265.69,1236.50,50.00,48.97,35.74,0,1.35e+05
291.80,1224.25,25.00,49.57,36.92,0,1.37e+05
295.38,1239.25,0.00,53.13,36.92,0,1.38e+05
316.59,0.00,0.00,54.62,11.92,0,1.39e+05
325.47,0.00,0.00,47.21,11.92,0,1.39e+05
0.00,-896.78,25.00,47.12,-19.00,2,1.38e+05
282.93,-0.00,25.00,46.69,12.01,1,1.38e+05
280.35,-0.00,25.00,46.51,12.01,1,1.39e+05
279.27,1162.75,0.00,48.64,37.01,0,1.40e+05
290.65,0.00,0.00,43.67,11.95,1,1.40e+05
260.95,0.00,0.00,30.87,11.95,1,1.41e+05
0.00,-587.28,25.00,21.79,-19.02,2,1.40e+05
0.00,-414.54,50.00,27.28,-19.02,2,1.40e+05
0.00,-518.82,75.00,25.96,-19.02,2,1.39e+05
0.00,-493.72,100.00,25.34,-19.02,2,1.39e+05
0.00,-481.93,125.00,24.84,-19.02,2,1.38e+05
0.00,-472.42,150.00,25.75,-19.02,2,1.38e+05
153.52,643.75,125.00,25.83,36.92,0,1.38e+05
0.00,-491.75,150.00,25.67,-19.04,2,1.38e+05
153.04,641.75,125.00,25.86,36.92,0,1.39e+05
0.00,-492.32,150.00,25.51,-19.04,2,1.38e+05
154.68,637.75,125.00,26.30,37.13,0,1.39e+05
159.47,657.50,100.00,27.85,37.13,0,1.40e+05
0.00,-527.39,125.00,28.01,-18.94,2,1.39e+05
169.83,700.25,100.00,26.60,37.13,0,1.40e+05
0.00,-504.25,125.00,28.04,-18.96,2,1.40e+05
169.45,701.00,100.00,32.80,37.09,0,1.41e+05
198.22,820.00,75.00,35.90,37.09,0,1.42e+05
216.95,897.50,50.00,26.70,37.09,0,1.43e+05
0.00,-508.70,75.00,29.19,-19.05,2,1.42e+05
0.00,-556.14,100.00,35.41,-19.05,2,1.42e+05
210.61,885.25,75.00,37.49,36.90,0,1.43e+05
222.98,937.25,50.00,29.84,36.90,0,1.44e+05
0.00,-590.21,75.00,23.27,-19.78,2,1.43e+05
0.00,-460.26,100.00,24.03,-19.78,2,1.43e+05
0.00,-475.29,125.00,24.53,-19.78,2,1.42e+05
0.00,-485.18,150.00,16.42,-19.78,2,1.42e+05
0.00,-371.42,175.00,18.25,-22.62,2,1.42e+05
0.00,-412.82,200.00,19.60,-22.62,2,1.41e+05
0.00,-443.35,225.00,16.88,-22.62,2,1.41e+05
0.00,-381.83,250.00,11.38,-22.62,2,1.40e+05
0.00,-282.79,275.00,10.86,-24.85,2,1.40e+05
0.00,-269.86,300.00,12.80,-24.85,2,1.40e+05
0.00,-318.07,325.00,18.48,-24.85,2,1.39e+05
0.00,-459.22,350.00,11.24,-24.85,2,1.39e+05
0.00,-280.58,375.00,13.66,-24.96,2,1.39e+05
0.00,-340.99,400.00,23.08,-24.96,2,1.38e+05
0.86,-0.00,400.00,30.08,0.07,2,1.38e+05
1.12,-0.00,400.00,12.80,0.07,2,1.38e+05
0.52,-0.00,400.00,18.94,0.08,2,1.38e+05
0.76,-0.00,400.00,43.23,0.08,2,1.38e+05
1.74,1080.75,375.00,48.86,25.08,0,1.39e+05
1.97,1221.50,350.00,27.03,25.08,0,1.41e+05
1.13,675.75,325.00,27.98,25.08,0,1.41e+05
1.17,699.50,300.00,46.51,25.08,0,1.42e+05
1.95,1162.75,275.00,59.90,25.08,0,1.43e+05
2.51,1497.50,250.00,49.98,25.08,0,1.45e+05
2.09,1249.50,225.00,49.46,25.08,0,1.46e+05
2.07,1236.50,200.00,50.91,25.08,0,1.47e+05
2.13,1272.75,175.00,50.11,25.08,0,1.48e+05
2.10,1252.75,150.00,51.11,25.08,0,1.50e+05
2.14,1277.75,125.00,49.08,25.08,0,1.51e+05
2.05,1227.00,100.00,46.22,25.08,0,1.52e+05
1.93,1155.50,75.00,44.02,25.08,0,1.53e+05
1.84,1100.50,50.00,53.91,25.08,0,1.54e+05
2.25,1347.75,25.00,51.28,25.08,0,1.56e+05
2.14,1282.00,0.00,47.97,25.08,0,1.57e+05
2.00,0.00,0.00,20.52,0.08,1,1.57e+05
0.00,-512.14,25.00,38.80,-24.96,2,1.57e+05
1.62,-0.00,25.00,31.09,0.08,1,1.57e+05
0.00,-775.95,50.00,31.67,-24.96,2,1.56e+05
1.32,-0.00,50.00,26.85,0.08,1,1.56e+05
0.00,-670.13,75.00,38.04,-24.96,2,1.55e+05
1.59,951.00,50.00,34.16,25.08,0,1.56e+05
1.43,854.00,25.00,29.04,25.08,0,1.57e+05
1.21,-0.00,25.00,19.70,0.08,1,1.57e+05
0.00,-491.68,50.00,39.69,-24.96,2,1.56e+05
1.66,992.25,25.00,37.21,25.08,0,1.57e+05
1.56,-0.00,25.00,34.93,0.08,1,1.57e+05
1.46,-0.00,25.00,31.46,0.08,1,1.57e+05
0.00,-785.18,50.00,41.10,-24.96,2,1.57e+05
